country_id,name,region
10,Antarctica,null
217,French Southern Territories,null
97,Heard and McDonald Islands,null
35,Bouvet Island,null
169,Nepal,Asia
115,Japan,Asia
184,"Palestine, State of",Asia
124,Kuwait,Asia
173,Oman,Asia
109,"Iran, Islamic Republic Of",Asia
131,Sri Lanka,Asia
229,"Taiwan, Republic Of China",Asia
117,Kyrgyzstan,Asia
102,Indonesia,Asia
114,Jordan,Asia
159,Malaysia,Asia
188,Qatar,Asia
122,"Korea, Democratic Peoples Republic Of",Asia
49,China,Asia
123,"Korea, Republic of",Asia
2,United Arab Emirates,Asia
226,Turkey,Asia
127,Lao Peoples Democratic Republic,Asia
24,Bahrain,Asia
199,Singapore,Asia
148,Mongolia,Asia
128,Lebanon,Asia
118,Cambodia,Asia
20,Bangladesh,Asia
96,Hong Kong,Asia
219,Thailand,Asia
106,India,Asia
80,Georgia,Asia
7,Armenia,Asia
56,Cyprus,Asia
149,Macao,Asia
3,Afghanistan,Asia
236,Uzbekistan,Asia
194,Saudi Arabia,Asia
223,Turkmenistan,Asia
222,Timor-Leste,Asia
179,Pakistan,Asia
242,Vietnam,Asia
213,Syrian Arab Republic,Asia
34,Bhutan,Asia
147,Myanmar,Asia
104,Israel,Asia
156,Maldives,Asia
246,Yemen,Asia
220,Tajikistan,Asia
108,Iraq,Asia
29,Brunei Darussalam,Asia
17,Azerbaijan,Asia
178,Philippines,Asia
126,Kazakhstan,Asia
86,Gambia,Africa
138,Morocco,Africa
160,Mozambique,Africa
59,Djibouti,Africa
165,Nigeria,Africa
68,Eritrea,Africa
204,Sierra Leone,Africa
66,Egypt,Africa
120,Comoros,Africa
143,Madagascar,Africa
197,Sudan,Africa
210,Sao Tome and Principe,Africa
249,Zambia,Africa
48,Cameroon,Africa
250,Zimbabwe,Africa
137,Libya,Africa
9,Angola,Africa
232,Uganda,Africa
63,Algeria,Africa
155,Mauritius,Africa
209,South Sudan,Africa
43,Congo,Africa
247,Mayotte,Africa
42,Central African Republic,Africa
25,Burundi,Africa
116,Kenya,Africa
36,Botswana,Africa
207,Somalia,Africa
152,Mauritania,Africa
200,Saint Helena,Africa
206,Senegal,Africa
67,Western Sahara,Africa
161,Namibia,Africa
107,British Indian Ocean Territory,Africa
248,South Africa,Africa
89,Equatorial Guinea,Africa
214,Swaziland,Africa
41,"Congo, The Democratic Republic Of The",Africa
230,"Tanzania, United Republic of",Africa
146,Mali,Africa
218,Togo,Africa
70,Ethiopia,Africa
87,Guinea,Africa
22,Burkina Faso,Africa
94,Guinea-Bissau,Africa
132,Liberia,Africa
193,Rwanda,Africa
224,Tunisia,Africa
26,Benin,Africa
83,Ghana,Africa
189,Réunion,Africa
53,Cape Verde,Africa
216,Chad,Africa
157,Malawi,Africa
133,Lesotho,Africa
196,Seychelles,Africa
45,Côte DIvoire,Africa
77,Gabon,Africa
163,Niger,Africa
18,Bosnia and Herzegovina,Europe
99,Croatia,Europe
78,United Kingdom,Europe
16,Åland Islands,Europe
75,Faroe Islands,Europe
191,Serbia,Europe
168,Norway,Europe
180,Poland,Europe
145,"Macedonia, the Former Yugoslav Republic Of",Europe
44,Switzerland,Europe
13,Austria,Europe
203,Slovakia,Europe
21,Belgium,Europe
136,Latvia,Europe
154,Malta,Europe
110,Iceland,Europe
141,Montenegro,Europe
205,San Marino,Europe
201,Slovenia,Europe
135,Luxembourg,Europe
105,Isle of Man,Europe
58,Germany,Europe
57,Czech Republic,Europe
140,"Moldova, Republic of",Europe
130,Liechtenstein,Europe
23,Bulgaria,Europe
101,Hungary,Europe
112,Jersey,Europe
134,Lithuania,Europe
90,Greece,Europe
69,Spain,Europe
190,Romania,Europe
37,Belarus,Europe
231,Ukraine,Europe
139,Monaco,Europe
167,Netherlands,Europe
71,Finland,Europe
185,Portugal,Europe
60,Denmark,Europe
65,Estonia,Europe
82,Guernsey,Europe
111,Italy,Europe
237,Holy See (Vatican City State),Europe
192,Russian Federation,Europe
202,Svalbard And Jan Mayen,Europe
198,Sweden,Europe
103,Ireland,Europe
6,Albania,Europe
1,Andorra,Europe
76,France,Europe
84,Gibraltar,Europe
182,Pitcairn,Oceania
243,Vanuatu,Oceania
172,New Zealand,Oceania
72,Fiji,Oceania
46,Cook Islands,Oceania
244,Wallis and Futuna,Oceania
144,Marshall Islands,Oceania
40,Cocos (Keeling) Islands,Oceania
228,Tuvalu,Oceania
12,American Samoa,Oceania
195,Solomon Islands,Oceania
14,Australia,Oceania
150,Northern Mariana Islands,Oceania
186,Palau,Oceania
162,New Caledonia,Oceania
170,Nauru,Oceania
171,Niue,Oceania
74,"Micronesia, Federated States Of",Oceania
176,French Polynesia,Oceania
55,Christmas Island,Oceania
221,Tokelau,Oceania
245,Samoa,Oceania
164,Norfolk Island,Oceania
93,Guam,Oceania
119,Kiribati,Oceania
177,Papua New Guinea,Oceania
225,Tonga,Oceania
241,"Virgin Islands, U.S.",Americas
47,Chile,Americas
95,Guyana,Americas
183,Puerto Rico,Americas
98,Honduras,Americas
32,Brazil,Americas
125,Cayman Islands,Americas
5,Anguilla,Americas
54,Curaçao,Americas
239,"Venezuela, Bolivarian Republic of",Americas
129,Saint Lucia,Americas
64,Ecuador,Americas
88,Guadeloupe,Americas
215,Turks and Caicos Islands,Americas
73,Falkland Islands (Malvinas),Americas
212,Sint Maarten,Americas
81,French Guiana,Americas
27,Saint Barthélemy,Americas
113,Jamaica,Americas
174,Panama,Americas
100,Haiti,Americas
52,Cuba,Americas
151,Martinique,Americas
166,Nicaragua,Americas
30,Bolivia,Americas
175,Peru,Americas
227,Trinidad and Tobago,Americas
211,El Salvador,Americas
8,Netherlands Antilles,Americas
208,Suriname,Americas
79,Grenada,Americas
233,United States Minor Outlying Islands,Americas
62,Dominican Republic,Americas
158,Mexico,Americas
85,Greenland,Americas
38,Belize,Americas
4,Antigua and Barbuda,Americas
61,Dominica,Americas
121,Saint Kitts And Nevis,Americas
234,United States,Americas
28,Bermuda,Americas
19,Barbados,Americas
50,Colombia,Americas
31,"Bonaire, Sint Eustatius and Saba",Americas
142,Saint Martin,Americas
235,Uruguay,Americas
33,Bahamas,Americas
238,Saint Vincent And The Grenedines,Americas
11,Argentina,Americas
39,Canada,Americas
51,Costa Rica,Americas
181,Saint Pierre And Miquelon,Americas
187,Paraguay,Americas
15,Aruba,Americas
91,South Georgia and the South Sandwich Islands,Americas
92,Guatemala,Americas
153,Montserrat,Americas
240,"Virgin Islands, British",Americas