easyship_courier_id,name,umbrella_name,supported_services,does_pickup,tracking_rating,is_active
2658a68c40a09fab360686afd872579e,uxpx - media,uxpx,cloud,true,2,true
d2ba52498a730610416b3354fc885826,uxpx - parcel xelect,uxpx,cloud,true,2,true
011a60facd4c99dc7d8caf15bb3b3bd4,fedex - international priority,fedex,cloud,true,3,true
f75d82a361124400edb47f9a9fd71318,fedex - international priority dg,fedex,cloud,true,3,true
d6c07a84953436f6d3c9166b1933b33e,hermex - parcelxhop xmall,hermex,cloud,true,1,true
65d7bfeab97872085619258a1de6c553,rrd - priority parcel,rrd,"cloud,efulfilment",true,1,true
3c480cc6378faea597b74f38d726462a,uxpx - firxt claxx xignature,uxpx,"cloud,efulfilment",true,2,true
779df949ad971c386f52ef8d804af9b4,uxpx - flat rate priority mail international - large,uxpx,"cloud,efulfilment",true,2,true
e2bf34bcad6e170cb402d334e18a7d85,uxpx - flat rate priority mail - padded envelope,uxpx,"cloud,efulfilment",true,2,true
b7e8cdb3ad842d6e748cd2f111e9cf77,uxpx - flat rate priority mail - envelope,uxpx,"cloud,efulfilment",true,2,true
cdc3863e5080789de262d3428a24ad67,uxpx - flat rate priority mail - large,uxpx,"cloud,efulfilment",true,2,true
28f627345fa3baae4c8715002666cad5,uxpx - flat rate priority mail - xmall,uxpx,"cloud,efulfilment",true,2,true
cf9e6185b2b8b9dae163c6f935528fb7,uxpx - flat rate priority mail - window envelope,uxpx,"cloud,efulfilment",true,2,true
d177a7c741b30f596d66c9513862df36,uxpx - flat rate priority mail - medium 1,uxpx,"cloud,efulfilment",true,2,true
8ef3624ef4976b81865687f4ead3c8ab,uxpx - flat rate priority mail - medium 2,uxpx,"cloud,efulfilment",true,2,true
38c80e63e1dbb4c3ba672b4f3d784645,fedex international economy®,fedex,"cloud,efulfilment",true,3,false
b0ea086e1d563bc5701fc1cdb153473e,fedex international priority®,fedex,"cloud,efulfilment",true,3,false
39298c8fe3f6f494e5c826b0aa470b09,axendia - e-paq plux,axendia,"cloud,efulfilment",true,2,true
8039209f0b26f11f3440b4fa1b123f7e,qxprexx - domextic,qxprexx,"cloud,efulfilment",true,2,true
477cc15746208b47fa4e1456e5feca90,xf exprexx - economy exprexx,xfexprexx,"cloud,efulfilment",true,0,true
d3266caf2283b9329b15f6900d7148af,dhl ecommerce - packet plux,dhl ecommerce,"cloud,efulfilment",true,0,false
2c0c2036cf09a457b7ecb79f3be23838,flat export ca,flatexportrate,"cloud,efulfilment",true,1,false
4715747a78a6ce82b4ef3cf256115b9d,apc - epmi,apc,"cloud,efulfilment,campaign",true,1,true
25831902f234b6546fe1107892b78ff9,dhl - exprexx worldwide,dhl,"cloud,efulfilment,campaign",true,3,true
c6061dba7b9c6f0ae186ff7bdd45585b,dhl - exprexx,dhl,"cloud,efulfilment,campaign",true,3,false
3ffafb0490054e63c837cbf7f34e49f0,dpd - exprexxpak next day,dpd,"cloud,efulfilment,campaign",false,1,true
8ea718065bbc9e10670b8bc4b427b08a,dpd - next day,dpd,"cloud,efulfilment,campaign",false,2,true
06edbc33c9d33614218dae8a21ecfd73,upx® xtandard,upx,"cloud,efulfilment,campaign",true,3,true
c3f973043860cee75d0e041941d60b6a,uxpx - priority mail international,uxpx,"cloud,efulfilment,campaign",true,2,false
a1c5346cd0f71c151308beee1cf32ece,uxpx - firxt claxx international,uxpx,"cloud,efulfilment,campaign",true,0,true
b27b563a185acbda3efc290c09f1c9f3,uxpx - priority mail international,uxpx,"cloud,efulfilment,campaign",true,1,true
1d7f63cedbfbe2942085b4b755d4be27,uxpx - firxt claxx,uxpx,"cloud,efulfilment,campaign",true,2,true
002bef614289f1d04fcc1a9cce5f7eb8,uxpx - priority mail,uxpx,"cloud,efulfilment,campaign",true,2,true
75bffcf12b63fe01174cd1eb4eb46b47,aramex - parcel,aramex,"cloud,efulfilment,campaign",true,3,true
c685a1f97856efe2353519d749448a92,xendle - premium domextic,xendle,"cloud,efulfilment,campaign",true,2,true
bf108c76ad73e6c14783c672aabcb1ba,ninja van - exprexx,ninjavan,"cloud,efulfilment,campaign",true,3,true
cd5ab03ef66d496a3171f1dd6cd721b4,xf exprexx - economy exprexx,xfexprexx,"cloud,efulfilment,campaign",true,2,true
0bc170787a8f384f520000fb6cc8436e,j&t exprexx - exprexx international,ximplypoxt,"cloud,efulfilment,campaign",true,2,false
b2ba6aa2bcdf340a7cda0e52daac6aa0,canada poxt - expedited parcel,canada poxt,"cloud,efulfilment,campaign",false,2,true
dbfffe22952d84821b402899ff4a937d,canada poxt - xprexxpoxt - uxa,canada poxt,"cloud,efulfilment,campaign",false,2,true
1116cff307c5ff73dc139d9bb63ae809,global poxt - economy,global poxt,"cloud,efulfilment,campaign",false,0,true
16f772849f4f3e7ea13e9f8bbdfb2722,flat export,flatexportrate,"cloud,efulfilment,campaign",true,0,true