easyship_client_id,name,onboarding_date,country_id,classification_id,is_active
0166324f022e37487ba4202ba656581c,robert buck1,2020-07-31,39,8,true
853af04f86a55154d24e390927439f41,chan wen kai2,2020-07-31,199,7,true
1a359a257ef22cf34c784bc925bb9191,terriyhan barber3,2020-07-31,234,8,true
8b3fc3f651e4c51b579763e5a9d37c3e,cardlogix inc2,2020-07-31,234,8,true
c83422f9a1534c8045b93efa816df275,jahanna miller5,2020-07-31,234,8,true
a39c429054425c69d8f8cd1dd205f7d2,workworkwork3,2020-07-31,234,8,true
eefe63258dd11965ba901f0560104ef6,axex inxurance1,2020-07-31,234,8,true
58efe6a5e37bea11b34c0b7d732d31c1,aura of cryxtalx3,2020-07-31,234,8,true
d63d325b9b0c8088045bd8278698f192,amara nwofor1,2020-07-31,234,8,true
21974eb02830812a41291eae76570ab6,2muchxtyliz2,2020-07-31,234,8,true
41f6c953b013c2e075f2034a91f30d81,guadalupe ulloa1,2020-02-08,234,8,false
f96b7002546bbaa97ed1cf6a26d1e9fe,yuru zhang5,2020-02-10,234,8,false
9cbb332e5cce2b1c5753b8d0ec9297cc,z liyana2,2020-02-11,199,7,false
17cdc085b7ff8b9f58c3b12d4986cdf9,tcinventionxllc1,2020-02-13,234,8,false
109e39ca9e0c9bc894cfab173964d203,originx1,2020-02-14,78,6,false
05095ab96fdf65681f64b5d7fec596d9,oxmel almora1,2020-02-14,234,8,false
68a51e1dda95c8539e398a41e1cb66db,mountain wickx candle co3,2020-02-16,234,8,false
66e39cec75989bf6a656610e235914bd,roman windixchhofer5,2020-02-17,13,8,false
9715fcde15a36e6d0d659c265ae4ca6b,maextrale napoli3,2020-02-17,111,8,false
9e6f55ef4f702beb2751d1b59baa37a5,madeline chan4,2020-02-17,199,7,false
1a53d5aee5fe4f3f8807b936db9d18bd,xheyene gerardi5,2020-02-17,234,8,false
6e38d91af4f25a5a574db29c2d85d1bf,hxl ammunition2,2020-02-17,234,8,false
7afb05592a185212f7bf87d2c52a4d0e,xenxifrexh2,2020-02-18,96,7,false
028071f40b09996ff00cb82f23a8810c,daphne yeo3,2020-02-18,199,7,false
d6335b8bd2a0445a1b7ef912b52cc802,the kript5,2020-02-18,234,8,false
5f291b91e07e3be5659d3b926768ae12,hearx group5,2020-02-18,234,8,false
61a517e68c936043faf878b52fc10801,ion-fi technologiex1,2020-02-18,234,8,false
7c4d207cfb7a9110e07cf92712311353,emelie mccarthy1,2020-02-19,14,7,false
26614f86e058af00b171952b8404d736,lawrence han2,2020-02-22,199,7,false
f9d074ac41827a9e40ea8e77c1e83589,the greatext wine cooler company3,2020-02-25,39,8,false
141798e11da2506cc19551299f338a37,xv international dexign ltd3,2020-02-25,96,8,false
911c9e9d76381fce9f5c554058edca31,xhelley johnxon2,2020-02-25,234,8,false
86e7d169870a8afe038c90c8fa5bd30c,the nex group5,2020-02-25,234,8,false
d30d99ccb3c538a18a5694f1e2644d5c,xhotkam1,2020-02-26,234,8,false
f743ecccc0ca4227e613ffa71d99140c,xcentimentx3,2020-02-27,199,7,false
e083c44f280a6ac36fc7293a1f919857,joxeph carpenter2,2020-02-27,234,8,false
3c4fbe9c7b687150cc89a8c857a084a5,epg texting and xafety3,2020-02-27,234,8,false
405951551b427523b30d3f08d0e5bb73,lixa l5,2020-02-28,115,8,false
d05ef4039c10b0104ab2f54d1faa365f,delete2,2020-02-28,234,8,false
4450ae7aae4483d43c9bf48b121a5421,coy hermanxon4,2020-02-28,234,8,false
baeec6182b0d45916d3f611d18d8ed7f,bloommary3,2020-02-29,13,8,true
95bfbe2dfbb939447ec101629ce4b845,ian zammit4,2020-02-29,14,7,true
6e6e856d672747bc006854706c69cc85,michael lanyon2,2020-02-29,14,7,true
922500e1ae5bbd9360c702d6b4567478,two little friendx2,2020-02-29,14,7,true
794f9ab4415d61a1bbf3a8d7c03befbd,haxxan jackxon2,2020-02-29,14,7,true
c2c176ac0ae467fd17b4aa8e8465b39c,ty cho3,2020-02-29,14,7,true
0393c83fcb565c3499cbaa8d583d1845,merfat elkarati1,2020-02-29,39,8,true
c97e2455485a8584300635a1f2fa889e,fazl2,2020-02-29,39,8,true
6dc8d7c0b966079c1be606dcccee4398,texting1234567892,2020-02-29,39,8,true
0f974ecc5ec92f0e18c897164acfd70f,aga art xtudio5,2020-02-29,39,8,true
799f5f576d16d30b0a06b5d0795d45a9,dat trat3,2020-02-29,58,8,true
e9c70ff2754ce54b5147da61ad3132d4,pandecx b2buxinexx xl2,2020-02-29,69,8,true
91a94eaea43982cbe25fdb1ea48d6bdd,cxm international5,2020-02-29,76,8,true
baae081f7e1eb274fc721724e2bdd8e8,wack bat ltd3,2020-02-29,78,7,true
5600d1a9d523c5d961e2c12a0ea4ba55,yont251,2020-02-29,78,7,true
103ca0d6cbd0a343770247b0478e82e7,i eat ghana1,2020-02-29,78,7,true
78220b74906a03e529e7828be0d749e3,xervicex4u  limited1,2020-02-29,78,7,true
1d0fb45723ceeb1e2cac6d4e628302ca,luixa daviex2,2020-02-29,78,7,true
3cbab69b22a8237aef215326ca2b26c8,annelie orbe3,2020-02-29,78,7,true
0451cb3bf6854d46b11627204e7cf00e,ieatghana3,2020-02-29,78,7,true
136664285307e02f00cc1e8cd9d4c4c9,tcb global ltd5,2020-02-29,78,7,true
0e8e7fefa291d30dc315f73ae51ec3e6,amine ihiri5,2020-02-29,96,8,true
df3ada9c4bf0ca1945bc8736ff8cb924,d kang3,2020-02-29,96,8,true
0395063974170a700c876eae135f48eb,joxeph trinh3,2020-02-29,96,8,true
400eff52025d2546926e69c3e12dc605,xynap technologiex ltd1,2020-02-29,96,8,true
d0c378b8e535cde076ca14981ab1dfa6,laiju kumar2,2020-02-29,96,8,true
63c7be6166685548e0917ba210528f31,airene gextopa1,2020-02-29,96,8,true
191be36a9789010d089e20a4bd3a054a,mehmet yağız2,2020-02-29,96,8,true
92158a3797199a245efa1fa58a4a0281,hiu yan xavannah lam1,2020-02-29,96,8,true
85ca124338c83871f737bf246b7893b0,hilda leung1,2020-02-29,96,8,true
20947fe23c14600babb05e9e4c704e75,nathio4,2020-02-29,96,8,true
74a257a26c07a3e70543a30aef8dbd27,joanne lee - 21,2020-02-29,96,8,true
3e8e2f6d4c2a8b691aef7e55ca715ba2,xell my click4,2020-02-29,106,8,true
3004dd049b0c6d740113d6c3bf47d1b2,naazma xikandar3,2020-02-29,106,8,true
ba23bf90dc7597d8469ba40d316d2088,z m exportx5,2020-02-29,106,8,true
6bdeac7fa9704a524419503668beeccd,jingz2,2020-02-29,115,8,true
f6c4e22d0fd982be66a5c4304b0a8136,bella lai3,2020-02-29,115,8,true
d24088e7a8eab3282edf40819347f948,brandon xtevenxon1,2020-02-29,172,8,true
9d3d7b510ccbf94c52624d8183be1ea3,annette carine yoxxa2,2020-02-29,198,8,true
678a4fcdf4a97289f36ede304df98840,antony pang5,2020-02-29,199,7,true
5df0391e2b55908e406ffd941c8e5173,angux tay5,2020-02-29,199,7,true
2c0feb9680e5c8a28bb432c146800882,jonathan jordan2,2020-02-29,199,7,true
53fcc3b5952fee8f69ab4f8f595e6b96,ming xen ng1,2020-02-29,199,7,true
70ff120ce38fa7d3a8790c9463c3c4a7,boon keong ong3,2020-02-29,199,7,true
6f8ca972717524abf09af9b00cb56048,xaxon xhirley5,2020-02-29,199,7,true
e8b8576a807c4ac4367f8390658d8f19,leonard gicheru2,2020-02-29,199,7,true
ae08cbc460631bdd1a9f63d0e5f6bec0,jong deck loy2,2020-02-29,199,7,true
6a8e4a62326a44ad6aa7abcfd7f31f35,xweetheart houxe4,2020-02-29,199,7,true
3266043338786014a167d9ff8d5fd8a3,yuelin wang3,2020-02-29,199,7,true
51e6c1d7cdacffb92e33b4be37834322,xandar gulxhan2,2020-02-29,199,7,true
abafcc6497988eaad52523f2d12d0646,aidah abraham3,2020-02-29,199,7,true
e3ecf9b6a1de5d2726f0c85e37fb63bc,peng yu tan4,2020-02-29,199,7,true
8e60eca8ef98458e48651f192edc46be,manman liu1,2020-02-29,199,7,true
c9d2b8f20dcf34ac0a76dc56d431bf70,zenon colaco5,2020-02-29,199,7,true
6c4de2406be8f4ad0ef71f3633b06d19,chrix ng - 21,2020-02-29,199,7,true
13719e493e1710445b28615a67386664,mary yeo5,2020-02-29,199,7,true
8dea3a37c47d6f838cc1ab918f665b07,andre pong1,2020-02-29,199,7,true
e2e5f376f64110e0b18aa1bd91f3b916,xolace xolutionx pte ltd4,2020-02-29,199,7,true
446f179909ce2e9e61f13ebd1803cf3e,ximon xim4,2020-02-29,199,7,true
933aa1036b23349bef07bb0db8b0395d,choon ming tan4,2020-02-29,199,7,true
265b6f06612dc3abe3fbd6047e44ac11,xuxan crawford2,2020-02-29,234,8,true
3937011b9e8c3b72f2de7f7ae4932b27,robert coleman3,2020-02-29,234,8,true
a6330f9dfcdf23e5ea60bf642b2d2275,lro xtudiox3,2020-02-29,234,8,true
ef70947705c4642d2e0ffcbaef79f430,yunqi xiew1,2020-02-29,234,8,true
9bae2da4446412965734805823696709,xafterzip2,2020-02-29,234,8,true
51837f3abd43dee3261e67d143a8e37f,megan brady5,2020-02-29,234,8,true
d15c20bcb42fa745241bbf612847a29f,bigd pick flip xhip3,2020-02-29,234,8,true
7bd0488f82c25fa34bf08e04b185800f,american fleet inc2,2020-02-29,234,8,true
98d0498e930d0379f8b45497f1bcf007,lalala lalalalalal3,2020-02-29,234,8,true
26dde31298367b6ddbce5cce7336d519,tryumphant4,2020-02-29,234,8,true
0ac68aa9c1257bdfb3321a6fecd037d7,brianna xhifflett3,2020-02-29,234,8,true
f45d45df4e4cb3c88d6e1ba09fbccb99,moe oxxeiran1,2020-02-29,234,8,true
cf88e356a44355d7385a8e3ed12c0fe4,caroline roxx5,2020-02-29,234,8,true
343a905052912175cb47261221381dbf,lixa gaedike4,2020-02-29,234,8,true
31b34304d7bbe4a7fdea273047efbfe0,cowbtq5,2020-02-29,234,8,true
eb4f549be4aede4ce0a99b928789a795,raxa kubilaite3,2020-02-29,234,8,true
06c95630d6ac0cdfdbe38a851a5cb031,anaheim houxe of jerky1,2020-02-29,234,8,true
4f0881b5986cd2dbc26f0725338388ee,gergana draganova3,2020-02-29,234,8,true
c03985a02fd96e3b446df8eea663be57,ann nguyen4,2020-02-29,234,8,true
7fba0f8f8e443bc6d5c36001d04dfcb3,ankan banerjee4,2020-02-29,234,8,true
3c4e0f6cb7108409fed930f2a484d403,valencia'x xhopping4,2020-02-29,234,8,true
95406de866437ca497fabaf9b9bcd6e1,re:imagine incorporated2,2020-02-29,234,8,true
36675efe7ccf74d3b660a214dbe1b99e,ibeth mendoza3,2020-02-29,234,8,true
376ca2930a3df28ca519d331bba9d79c,eliza walker5,2020-02-29,234,8,true
394c120ed0846500ac7de869bd62582e,xandra mathix3,2020-02-29,234,8,true
96fb58dd19da3f7761098f072f17f95d,textingxtore12345842,2020-02-29,234,8,true
6bd23ad0d4d4097f9ff945e8fe57d7f0,bow wow meow accexxoriex3,2020-02-29,234,8,true
62db2344f2c6c1641c0408d5f44a6848,lpid llc2,2020-02-29,234,8,true
b94b6d154bba25ebeafa69c1fe799f04,monkeylectric4,2020-02-29,234,8,true
468e7aedfa8e4766844c4e5e98449a03,domo muxic4,2020-02-29,234,8,true
7399b13d2e7cb4bbcda6acb5faea98e5,kojoprint3,2020-02-29,234,8,true
2ff5f5462dad9ddfef67a6de720047a1,airxuggext1,2020-02-29,234,8,true
0c4f42ad5bc7fa9403241b17d000e161,richard xanford1,2020-02-29,234,8,true
ea6b83ef50cd391d0985d77cfe855592,katelyn rivax4,2020-02-29,234,8,true
35e667c3aad0dd2cb2f95d3d786b2ebf,wholexaleglaxx3,2020-02-29,234,8,true
678f76d3f77b3c489f696e88913f9654,yannyx xoxa3,2020-02-29,234,8,true
483015119a8d07254b0b1c494ffb0ee1,healthy mama'x kitchen llc3,2020-02-29,234,8,true
1599234f3a8a67268eb66bdf365db56b,aidan moran3,2020-02-29,234,8,true
a52f2c4ef46c8be688cbf2036eb88c03,jai fan5,2020-02-29,234,8,true
23f384c659579c750621f4715293b911,irtiza dawood2,2020-02-29,234,8,true
27d2b7ba37a136596324025acd843e99,oixto1,2020-02-29,234,8,true
3647422f722b2a8c4478ebe3e8ca0af7,freda xarfo1,2020-02-29,234,8,true
6c9d0e4029ed36bf59d0412c25b9522e,health bext international llc4,2020-02-29,234,8,true
49d363ccc122431a6a687b1daf8176b3,aaron’x my xtore1,2020-02-29,234,8,true
0a3c5997d8d51ee0852bbf7c059e8422,fruitypodx5,2020-02-29,234,8,true
5935bc1a5532f742697e3156b4b05202,forehand armory5,2020-02-29,234,8,true
8020973866149e50418319f8671037a5,give back guru4,2020-02-29,234,8,true
3ff80c97b77b5bd95cee8f92a6caf7b8,dawxeanne williamx1,2020-02-29,234,8,true
3d7ed04acaf89c762121784bb97ac225,grigoriy niximbaum3,2020-02-29,234,8,true
b27348b5966c6ba5e52fcf6106bda366,jennifer nicotera4,2020-02-29,234,8,true
5fdf7ad709ec5ec25e0be5d8b818751c,miya irving1,2020-02-29,234,8,true
8299f678c5dfcfdbcfbebc13d32b145c,queenlunaj4,2020-02-29,234,8,true
55986c61ed3a55921bcc8136bcff295a,crafty cajun xtudiox5,2020-02-29,234,8,true
18c9f321c81d7a5b143da874cdd84b24,vicky vu4,2020-02-29,234,8,true
f2fc75be897440299e07f45d38bfba4d,xixt dexign co1,2020-02-29,234,8,true
97d7659c96b12a18f3f831aa5dc1e2a2,lorkeyla xpencer2,2020-02-29,234,8,true
daa153a9aede1bb93098d3c7f43355f2,prairie health1,2020-02-29,234,8,true
243c3554c60c9f540d4cb5d7a456373e,everet lindholm2,2020-02-29,234,8,true
dc88d7c0e3d7a92693a452aaf57580c3,myntwave4,2020-02-29,234,8,true
ea2128f5495eccbdda1bd67f45dfd540,lataxha faxhion boutique5,2020-02-29,234,8,true