easyship_shipment_item_id,easyship_shipment_id,item_category_id,volumetric_weight,contains_battery
fd0e13ac9c49c7fb0f181e033f8d7f02,97b902a59884f0b09e6dc83bd82d4870,4,null,true
c5b9e1bbcbb56b793251d9a7a5c88429,6ab9e5151df66a62caf4d7f83525b4b5,4,null,true
d0f98d9ce6c75b6b5409b257602e1ac1,95cf988d046c32123be2135277f36a2d,4,0.0,true
32aaf298563e4d14ba71f1d37563a8a8,210f27784c79e8ec55702ec18d55db7a,4,1.3023619114,true
62a16e71a0d64108b5f79493bfdbf7f4,c226fb8d58f9b29200d8193f98792fbc,4,1.3023619114,true
86a4779fbd7f1cbdb4733d2adce337f3,d0baa42257b9b81cb9407f5a6df54ea7,4,1.3023619114,true
98a43f6e6bd7ce36e39d4cd9d423c512,e2e5a1bf1dc2bcaf63cb70604d4b3609,4,1.3023619114,true
4a69194cc6b7c30910b571edcea98a8c,86ba9b5514edc8adf3350c3bbea5e59b,4,1.3023619114,true
b7ef34c503e16524222d7234c426b69a,d9dcef81edf1f73e91f62d034057577f,4,1.3023619114,true
b73dd105f497dc8b60fa8c1e2fa26e4f,1a2cf6e8ac18fc364a423691d36d266f,4,1.3023619114,true
a15ff7f76a5affaa800a59c5aa362355,17371d9a4e87a34a094fd834d500f792,4,1.3023619114,true
c6f0f7a57c5b31d8cac80a710a13bbe8,86ba5b6e704b6fbd76301a7f0541fb9d,4,1.3023619114,true
d97e5ff074dfdd1c53e5165f96e91190,d9a07fbd30912422fe54106041c49e74,4,1.3023619114,true
51166d89cbe275ced861260f9491a970,f36d7832ea646afed666f467838e0de9,4,1.3023619114,true
ad3e81bf68ae678f3dabf60d93a7651f,d445ef132fc55da88242c9c04fde5d4b,4,1.3023619114,true
3c1f029f7c4bf12df94e1aa9e052bb5d,d55c2bc5b160613f259820574088868f,4,1.3023619114,true
e336e8bece502109c83071b1d260517f,9a016fcebe09ef07b17a26bf40b059ce,4,1.3023619114,true
d22463506e332a6e17579900b985df33,ebca9b395feb7f2bb8d3a5d009a32e70,4,1.3023619114,true
91e72593003bbd53fc4c56605bd8ea8b,e1d986b96612f2efdb0eb9cc45172d60,4,1.3023619114,true
1a7afd15be9f8d74cf7990a69ff92794,0819a0b2b1660520d89ca5d798a1a5bd,4,1.3023619114,true
e9702160e0764b8faa05526d6b148042,cfe8e44abb85c5433098000667ffd87b,4,1.3023619114,true
5697d231dba12dace661fb24a04df40f,c93ac42fedd35d6cf38e1833a6dfc98b,4,1.3023619114,true
af1b850cfe8a294e15c2ce2339090b38,11003964145f0f80a6c17896d6e75e2c,4,1.3023619114,true
4808d5fd7f91492950c70688c17f036b,f158595ed0b507dd8e454ea2143d38ad,4,1.3023619114,true
2384d2963481c06aae386dcaea04e14b,6dabce1052a42512a78818f24c1e12fb,4,1.3023619114,true
49b7ad7b72e7507be3d5515647cbeb34,9990669544bdf85a717fd10395125f2e,4,1.3023619114,true
675e7c18969f84b70c6bc80f847ed171,b7e2491eda8e4e58a20a9c4394529bc1,4,1.3023619114,true
c02fa5894f6f452e37197c24fd5714ea,ab5291e28b2b5d201903f3af81195f68,4,1.3023619114,true
b3e704d788cad2d625fee25d7ec40a5e,04fc1ad1152cf253aa10cf114cf1e685,4,1.3023619114,true
d95047f897feddf2c7ead6539e0233d3,5fcc562f263b44beb1ac0ccdae8a1907,4,1.3023619114,true
2a82f2961df5c7507bfa77ff0e6fe9d9,9efc9f72dbb5c4ed70e60e7795fb5571,4,1.3023619114,true
29c04391f33582dc13290b64d3b736a5,4eb3a55a9952ea21b831cc2248654e58,4,1.3023619114,true
4145d504990d5e8b8f93daf7648de000,29fc7f8397c7300eb4833bd8e00425c6,4,1.3023619114,true
ed68c7c7418fbfbc0cc8033fed93bfc1,79671270086e65e8b69000838a63a653,4,1.3023619114,true
96e648677986f178d958de7da691bbf4,a895080c50d9773efb7b078d1ff916a3,4,1.3023619114,true
b5042101c96c316b26a0855238a5deb8,5657924755b0c739c42c3a0d45fb16d4,4,1.3023619114,true
265e38cae3dcbe95f8c5dc28661fc24b,2d6b8d7f3284e17496956af4f7b9725b,4,1.3023619114,true
4b43462d42a79c9a415795926a1fb21d,ea37b8b7f4aee740d76d6230aeaabd5c,4,1.3023619114,true
5e746de99b89ece3239757b9a4f48b3e,3bb7271c3776985f21075add60e1721b,4,1.3023619114,true
aac6f3a48e4a7b02377c0208c7ac03b4,3592243c1218befc3142ffe3dac5bb92,4,1.3023619114,true
8c14b9e55075a308f1d28e83692f3aed,b671398111a7bbe04a589fe82dfd022d,4,1.3023619114,true
d9da3ed1ae20dd10a5eeb726af9326d1,bf86b276e2ee540a1d72aefcbe15e892,4,1.3023619114,true
4eb54e83dcfaf015b5744645eedbf366,061e2a05dae4e1d35063306caa9c64bb,4,1.3023619114,true
67090fc5431d01770433d0a567435b01,357cf9c4868073fb59b49e529d05dc96,4,1.3023619114,true
0f57485f37c52a9cc5630bf9da228f49,3d6456bad563251cfa35579f144ba177,4,1.3023619114,true
0844a4e700c782e9b90ffcdb5d1a33a3,4b98584434495a15508c65df72c4615d,4,1.3023619114,true
1c27f848b55de1810f76cf4cbeb347b9,8da44b649b0109a290922d7bd4cecfb9,4,1.3023619114,true
8d5fc3d43b2e825ffb6cd959fcfd84bb,fe63e93324ab84e2ffe7073cd109bb68,4,1.3023619114,true
9ec5eeab6cfa31c922a034a36367b205,252fff6ee1c49084f3d33cf31bf21eec,4,1.3023619114,true
c75012641ec430dc0720bcb206fe2a4b,9cf35bcdf42e713818251b90a7802e82,4,1.3023619114,true
bebaa2a1ac06d94aac97b3f1b4d6e81b,65acbaeb977b2c007c787cdb283cee7f,4,1.3023619114,true
3d0492bc433b72a04ca89b351de7e1dc,32a787d43e91f6caac77782e6a4f6766,4,1.3023619114,true
730325baaada7915dbecfd469e92e78f,00ff2e5517e3c32f8658793129555b50,4,1.3023619114,true
6b3a23b9251a621c8a12c4dbbda31cc1,7a7538677f2d253490d0c9a1cfe5d19f,4,1.3023619114,true
17f00061f4c90d07b0fe003024b9930a,dc4d3b4cb9e091fe41b5234fed358b9b,4,1.3023619114,true
1ce8bbfffe73902948639f4468f8a166,b642ce8ae22323f0e91ca8adbddf3f81,4,1.3023619114,true
2fe2adb1fcfad7daa4105b383a2a58db,5ac16878977f0cf3f791ebcaa981529c,4,1.3023619114,true
9cb119ef4b48bda19870fc08cf13c35b,bc086bf1ba3682aee24929374c9bbf4f,4,1.3023619114,true
bf21222e255127a222d4c896a4ffb603,8879caa5b80f1cbd2ea29e0916faf114,4,1.3023619114,true
f3d6b9de3ab6fcf23bb2a112fe70105a,7d22bbe3f62de185c6941f6c268464b1,4,1.3023619114,true
0decbb4d8eeb6ce39a771ef22a6839eb,a7076e910f782b4c969bdb834871256c,4,1.3023619114,true
a47e0802aafa5cc1468c34fcf83de40e,a2b646799df00fa68b34de3f9a607d0b,4,1.3023619114,true
54fe2e9b7ae504207c6804ae1700973c,3d66bec5698f7a74605cf74216c64736,4,1.3023619114,true
4878b1db320c2ffc15c9557147ccdf88,d0b8a719b5c6d6515793e328fd670ffe,4,1.3023619114,true
faeb650ab72cbf9b17d6335cdb2f8005,434714a63d27b64953cfa6ebe1a29def,4,1.3023619114,true
58d7cd84eb134032fc6b0b5eaf695d97,4fec3abf3d62f99569b5c10e5be0ddbf,4,1.3023619114,true
2b632a299e71b4246c67dbf2560f3298,b143976558406bf561fb669459ebbf8d,4,1.3023619114,true
87fb151d9f47d48bf388dc7e84653e38,a7d95e4174ffae0bd931aaba21f8139b,4,1.3023619114,true
fa27cbc560ed3de958c45f23d9c74496,33904656163c2437543f4c8a4182f6c3,4,1.3023619114,true
0371dd26d64375f009be7a35a13ce7ec,97b902a59884f0b09e6dc83bd82d4870,4,1.3023619114,true
9df3cce05d494ebb00a0bd8acc798af0,265b35d5209b75c281f1d4096e6602a5,4,1.3023619114,true
2280d9f73f38073f107e5463d316b62c,6241e9028094053d4867edf388d16a91,4,1.3023619114,true
c643f44cf3295020efba9628b2c50066,6c5880d990a513d8e79a32cb1055df36,4,1.3023619114,true
19cf2cc83af901fb687caa03d77fdede,5660857cac7fca2c9942d52c3cdd9b13,4,1.3023619114,true
de0e22418e5685a06dd4235248b66747,875cb94949a6b1e2c02c094464dd4072,4,1.3023619114,true
8a388c53ca893cf539e13e0d23a192d3,b03246fab4dc99bc26552f22bf32e79f,4,1.3023619114,true
7c116895d4306f3b9ac23d735c1583ce,c0f6cdd727cba9739ac4f5ad00c515cb,4,1.3023619114,true
374891b7d3beb1090fbb50b29cf0f5c2,a820f3db3adcd01831e13ba23c3cfa40,4,1.3023619114,true
2bc1ae62d7eb2ebdc817887d873c8d49,ae0a4b4a71db533a05e48c1884b0e5a5,4,1.3023619114,true
a595faa04cc7fe3e14332170328fef40,45c0d2939113afb3eb1042d2e0345665,4,1.3023619114,true
5b49a0fec021e2cdcbfbbf7ae66949ec,024b82f12ac9f2ae0db279ee6d87eac6,4,1.3023619114,true
db152c48def7ac2605b27291c44cb5f7,0c698e04b5ca08c6b234a9b9c5d4b7df,4,1.3023619114,true
c41482505b7869d8add39aba55d85138,487037697f014056f3bce84eecaa3259,4,1.3023619114,true
0a797464f4f8e15ad2b81583f89b96c5,857dc560a44d980e3c7cb689cfad15e3,4,1.3023619114,true
0c37cd5ea90d135e5611d5880ee8e178,bb092d9d75c52d28a5f9505014baf7b4,4,1.3023619114,true
f9d67c9526f852826ff0bed4dc96ac90,cf7cb264e6e4978b9601b10199b3bcce,4,1.3023619114,true
09fc814e34188a97802cb174573c75eb,ffd42328bbb8060d6d9cbc80ed20f0d6,4,1.3023619114,true
60b83ae25b85140c85d7609e48f29e46,f49fce6d9d3b425865833c05275c1c6a,4,1.3023619114,true
8e5ba73007903edafb275eb771e71acf,9f664f9b7930f7ffdbcc7fd9c87d9d2a,4,1.3023619114,true
102cec542b9dcd5627fd23551da09b0a,1ccf23188609963bfc43c3330f740b14,4,1.3023619114,true
d5a9526641778a9ee7d1fcc8689c3bdb,9bdf9fa6302931ec117127582406344b,4,1.3023619114,true
78b7c721299ce8907cb6e2389829b4c3,97cd4e8c379f7b9b0e7fd2c9dc065a77,4,1.3023619114,true
569acaa93e47f0c3921fe62c9e067684,09915ce622937257c817c93cf66b7c6b,4,1.3023619114,true
0775730849678794c26baa5a323bb94f,7a15ddccbb46a37bf2da16a6f828667b,4,1.3023619114,true
f3b90ac129cb4fb6d6051103b97a3eba,ef13d561632545bc35fe87203ff69d30,4,1.3023619114,true
000e2b48612e3df9e025202cc4a1ed07,9acdce3fe2dc45534af96bc4755ad8e1,4,1.3023619114,true
6dfb5eea4277ba4f66169cbf229d98a8,180de7ceafa9565d83f0560d77130093,4,1.3023619114,true
d72916ec74da907c103b9903ad2156f0,5f5c396474731ce9b174c923e8c1bc58,4,1.3023619114,true
c440945b84f84dd9384012cd35b3776b,b033ebf18610d339c9bf80ae5bd2ed97,4,1.3023619114,true
3ca4571efea3c64fab86b6dc2ce7369c,c6d3af93ee64b51125d605c81c506d64,4,1.3023619114,true
71f2d7d8dc7773ae31cc7c1a565a7e62,657d190e6e825bba0237c6b163602b19,4,1.3023619114,true
c3279c93ad61593402feff9bbc2eaf2d,4fb5b1ef60d20d15c5237897cebe617a,4,1.3023619114,true
6d8ba9b36c46e03501953b857027e852,774de6a8a1a6f4503f0f97fd4bda9d1c,4,1.3023619114,true
ca37ee927f9252a7e04195a106e1775f,65352b3d2e171974748222611eaab0d2,4,1.3023619114,true
6f68aa579c750c5b88e700d1921868df,3f39a02e78931a55de624be2ecdeea7f,4,1.3023619114,true
c24c88f90253b72abf773489480cef54,9fffa3160eeb970392a3e1635c0e88e6,4,1.3023619114,true
b332cbad2a11b33337bf161e7712dc0f,d4897b90cee5fa58f077c0363d81b1d1,4,1.3023619114,true
a17ef337be04b3593b37f4d389986be5,1261cbdbe5b5c2bff0d6dd7602b203d2,4,1.3023619114,true
034c7e63d1cc9b19af0c2d02f576d16d,dd0a174fe46a9f8caed8ff7ed42104a4,4,1.3023619114,true
0094f85bebe4ac8fb3403035427a3cc9,ca715fa9a7b4a8f5f02a534ee2fe1188,4,1.3023619114,true
a5c7d45f318ec5b3e3bede73020f4425,8c7d9e5defc5e0d08cb37c671e97965d,4,1.3023619114,true
bf3693fa9e2cb470890cf50879afd910,4cdc6a2a8714c7277e2d4e1ca6b553e8,4,1.3023619114,true
b51afe474b41e12c352df31f58dfc3ff,4db9aaccddf43fa7a0dc4fc327ed3770,4,1.3023619114,true
779c6f4ab04296f8f91070eda99b7da5,1bea6a153ba51f343b4c09d4cf886184,4,1.3023619114,true
4949c97e8f2b04f9f3d697b01b5fc4c7,b21f66db7510b3ed6e15886fce4bbd07,4,1.3023619114,true
680f93a17a3d81899f993b23fce0d3d2,3abd85e6ed81dc218c84fb4862243e82,4,1.3023619114,true
ed17bc75db4c032c40da0d6b86f22ade,551b0f435267279689b8951fc2f4b0ca,4,1.3023619114,true
33e8603054daef6a2466fffd772ac240,196286e95c28e62e495d0fd2e0025e9d,4,1.3023619114,true
6ce77d8c15d26493bc83eae44cacd7f0,0582d50b56fb2de1fdd0860c0aebeebf,4,1.3023619114,true
e0573a58bb5da3a14aff99a33ab22dbc,5470c126f3b7d73c12ca2da38d68a82d,4,1.3023619114,true
bcb187b9ab8d6bd5795c44a265bdd1f7,96eb385c08fd6949e9f1110a7675d0de,4,1.3023619114,true
3049a49117c0a6211dcab544eeaf5a7e,9fb442fa1ed80abac5b65d715864471e,4,1.3023619114,true
e87e24acccd2e8560f1b1f3804803885,6d4c06ee63167223bf314cce1b3004f7,4,1.3023619114,true
389dafb878770398212b8b87aafdfd1e,9767a5d141f99782934fee2fbfe60c5a,4,1.3023619114,true
fb49006e9a4578463dd498bcd60f8c2e,8a97725ed64020ff5d5273d2a917be8b,4,1.3023619114,true
2cd629400901e7051151f36b4bdefe9a,6df21f8411daea2febb1a61ab0bf26c8,4,1.3023619114,true
78607aec58f7efad292eb2cba67376be,a3d732010f4022d159f1de4314f651ce,4,1.3023619114,true
4cd1e18057a347749db3d916a8033009,f735b52c4c23b1c3bde62e208566593f,4,1.3023619114,true
b273751b005e77a93a36d88c8405ad7b,d63041976a59c14698cd5d64e201f97e,4,1.3023619114,true
1106c445dc3ef9db6259290c20ea26a3,1659299f01186be76d0b90fd7b33c5e2,4,1.3023619114,true
7674225085a86253bd1b7c2e5f59faff,4c860d9a3724a9ca39e7a20fe97e7e3f,4,1.3023619114,true
12e3f75cbf642741318d600e1667c718,5ec5ef428544898ec3aaa61c79496c0e,4,1.3023619114,true
12017225b293fe6c9ea10de025803a75,e2e2cda833dd999b05a304f8b9526a61,4,1.3023619114,true
bf51ae61b103e1d532f8435b5b88b4bf,a6a4eb48575adf58f7ce3f447529fc13,4,1.3023619114,true
e28bd9775fd37966f385eeced7ad8238,a8193beecf85308c2649473e036af137,4,1.3023619114,true
f3ab70e7ab2f50b9d72b5f7b195eb8c7,a5024a510db053e110180f7918c4fbc4,4,1.3023619114,true
daf25c258e2939993c66ca92e50594c0,2072473e7375d646291358280d046580,4,1.3023619114,true
917b25c43eab1c502fca737f0a0853b9,2cd2c6d298a749ad78c978ecd80328c1,4,1.3023619114,true
fa09c2c70c42ee2e9e36622fb70cae73,6d5315327451bbc104ffb758573dfcd2,4,1.3023619114,true
eeb0327dcf660aa4a0289fa5f846735f,8e55f136a6b8cc7f49b2d3da30a96d18,4,1.3023619114,true
d3e319e8f354dca0fcb9779b804675a0,a208bf6fa3977634ff4d36a18dc6ba4b,4,1.3023619114,true
8878f2fa1af6153cc3f4dca659240985,47dc1d18e2b7dbe448f32ea5ef7bfe5e,4,1.3023619114,true
fb2f00c0c3332f4d472477b31bdd1eb1,7786b8207cdf99cbd99aa9945b7dc0c0,4,1.3023619114,true
206e7c6969b6f6c3cbefccbea5e6a8e3,d8608830704dd7f6b5b9f3c2b354ce4e,4,1.3023619114,true
a26010e1fbe4c769a8264bf0915f6721,0ca4c1fa56d565834d183bb709fa22e3,4,1.3023619114,true
36c9eb1a2b233b0859d7a82743325072,09a8db18997f1233673f88919341f363,4,1.3023619114,true
9efae570077e5ca4329772c86796d10c,c58ed06ab812e552e4d76b7e396757d8,4,1.3023619114,true
83387d104152631f3812ce4644fc886d,2c422e53b1cc5f91cd2d46ed91d474e4,4,1.3023619114,true
2d8a361dc37e636612bcc101c31230bd,a788b3895b3adf95f6cf443d8998c42a,4,1.3023619114,true
5ee1d8e2ac5335d21efb43da106d5b73,70de582aa50c36ac85f1fcf91f0aee9a,4,1.3023619114,true
f268edcdf90cd133b5b76b2c1916a5c2,cff2cc3060cebd16ba2fe8d941e3c8b4,4,1.3023619114,true
8a994c0bab47ba7a6d2fcb8b59759ec7,37f1d26754d545f320446ebb854cefe7,4,1.3023619114,true
ac5e4db88c21a63786024de7e7c1749c,ce9d1ff1a46b7460c1f36ab5bf0b7f05,4,1.3023619114,true
9ae2ce4ab8b8bf4a3b32fdce724a7724,ccb746305eb638db5b1886932ee03ead,4,1.3023619114,true
e6f96953cdecff94caf4d3ed34439ae7,b96715875784a874b78c8d36ab6726ef,4,1.3023619114,true
e937741001b0a132a02943aca6189dbd,89976c6b4560e60fdaeba3084b291546,4,0.45359237,true
eaebe57266f29e313064a06b6db006aa,c226fb8d58f9b29200d8193f98792fbc,4,1.327352184,true
7050a7a9ee74a09da298b8dcee4fb307,d9dcef81edf1f73e91f62d034057577f,4,1.327352184,true
9b63c37519a8bf24820e48fef30774cf,7a15ddccbb46a37bf2da16a6f828667b,4,1.327352184,true
20c101e0cd865f5a343cc9beb3264e43,86ba5b6e704b6fbd76301a7f0541fb9d,4,1.327352184,true
07cdaad8d209ec86e56b9ac55cf47b05,9a016fcebe09ef07b17a26bf40b059ce,4,1.327352184,true
06af76b5c6bbbde45e0dcc05000e9f4c,5657924755b0c739c42c3a0d45fb16d4,4,1.327352184,true
48b1ce1a5d1ce41cdf47c9efce049b45,7a7538677f2d253490d0c9a1cfe5d19f,4,1.327352184,true
048adf9200e68578d48d80e9778dfcc9,cff2cc3060cebd16ba2fe8d941e3c8b4,4,1.327352184,true
f452222516a2c0785cce11eefb8695ee,1a2cf6e8ac18fc364a423691d36d266f,4,1.327352184,true
bbfc2fbf2b55c6c9f8e9cdc42ee95b77,a7076e910f782b4c969bdb834871256c,4,1.327352184,true
3ddf18c402c090041ac6740ba2dcf23d,9fb442fa1ed80abac5b65d715864471e,4,1.327352184,true
ea3c7535e7576fbca371893379a5101e,024b82f12ac9f2ae0db279ee6d87eac6,4,1.327352184,true
5e4f9a9792f542b00d2f26ff09a1dff4,3f39a02e78931a55de624be2ecdeea7f,4,1.327352184,true
bdfb18bd7f8859b2115e682696f9db0a,2c422e53b1cc5f91cd2d46ed91d474e4,4,1.327352184,true
fe7412087ddfb9d87da08bf5698d28e9,a820f3db3adcd01831e13ba23c3cfa40,4,1.327352184,true
48d3c109a1d1a03892775e5c6ebc684f,e2e2cda833dd999b05a304f8b9526a61,4,1.327352184,true
d3b83bdf6bb46b4ce643037c5c3c10f3,e2e5a1bf1dc2bcaf63cb70604d4b3609,4,1.327352184,true
4168a418dc4dc9ad8ac5e2847eef94cb,b21f66db7510b3ed6e15886fce4bbd07,4,1.327352184,true
b19d4d024e86e7f20a4de07dd1ca0b5c,8a97725ed64020ff5d5273d2a917be8b,4,1.327352184,true
ce3cf6f38022dcc68840ba3c3fb58c9b,ef13d561632545bc35fe87203ff69d30,4,1.327352184,true
cd508964e173c546075e4f82feedc067,1659299f01186be76d0b90fd7b33c5e2,4,1.327352184,true
f43bd835316f0ed2b139e3f9f5e6eb37,5ac16878977f0cf3f791ebcaa981529c,4,1.327352184,true
0c7bd01c974a9d0a94a000aa1c081b3e,f735b52c4c23b1c3bde62e208566593f,4,1.327352184,true
b55936217c15e02c92a59b0784eb531d,c0f6cdd727cba9739ac4f5ad00c515cb,4,1.327352184,true
8ebb396b1f2ed7fcf69cfb645068903f,c93ac42fedd35d6cf38e1833a6dfc98b,4,1.327352184,true
fe2a0714326dc9ea86b44e1e55450d22,0582d50b56fb2de1fdd0860c0aebeebf,4,1.327352184,true
59dd8778f972e44ca4ed792798131bc0,47dc1d18e2b7dbe448f32ea5ef7bfe5e,4,1.327352184,true
d2f13f92dcc439f84b9746b8b19ae833,65acbaeb977b2c007c787cdb283cee7f,4,1.327352184,true
63d1186e29b1bfc480424dda6d951a5a,a208bf6fa3977634ff4d36a18dc6ba4b,4,1.327352184,true
a2ad23ab8830305be373bd5a6934ede0,875cb94949a6b1e2c02c094464dd4072,4,1.327352184,true
bf5d2807e00b361b84f4e1f7960dab68,3abd85e6ed81dc218c84fb4862243e82,4,1.327352184,true
7c8d1bc57bc8a67d875093745bc8768c,bc086bf1ba3682aee24929374c9bbf4f,4,1.327352184,true
4cee9b2a6fae88ebb99a73ddfcd39516,f49fce6d9d3b425865833c05275c1c6a,4,1.327352184,true
750d637bf7121dc8cdb80c627b5744be,29fc7f8397c7300eb4833bd8e00425c6,4,1.327352184,true
99db98ded2971b42a6726cbab13192fd,b642ce8ae22323f0e91ca8adbddf3f81,4,1.327352184,true
a15c5431701a01e8fb5d3f93e0faa8b7,7d22bbe3f62de185c6941f6c268464b1,4,1.327352184,true
3c1941598aab665ee677675723fda3fb,ea37b8b7f4aee740d76d6230aeaabd5c,4,1.327352184,true
56762a43d68a2d0e9280874b7f07f08f,d0b8a719b5c6d6515793e328fd670ffe,4,1.327352184,true
6c3727e89d4aca3b3a1cf4fd4b7fa150,a5024a510db053e110180f7918c4fbc4,4,1.327352184,true
4ec027d8af7b23ddf13f41a2d80ff4c2,5f5c396474731ce9b174c923e8c1bc58,4,1.327352184,true
0a07a4bde7910502c22a937f30f8c716,ae0a4b4a71db533a05e48c1884b0e5a5,4,1.327352184,true
0a3284d8db80265b719a2d1e16335c32,3bb7271c3776985f21075add60e1721b,4,1.327352184,true
bc1d10d539cbd279ad725bf71f8f56fc,8e55f136a6b8cc7f49b2d3da30a96d18,4,1.327352184,true
531bd63a672aad94abf9cc5c580de68f,4eb3a55a9952ea21b831cc2248654e58,4,1.327352184,true
a813f6a29c3e8e5dbe23303bb76f713b,bf86b276e2ee540a1d72aefcbe15e892,4,1.327352184,true
41aeac1d7febc1cb1d94ba26c9072b0f,551b0f435267279689b8951fc2f4b0ca,4,1.327352184,true
29b98dfee483b1297b8364008b8be1dc,ccb746305eb638db5b1886932ee03ead,4,1.327352184,true
a98cce8abc3ee87fdcaab1744aba3b8c,c6d3af93ee64b51125d605c81c506d64,4,1.327352184,true
e147e015297072a52466a5142150ecad,a6a4eb48575adf58f7ce3f447529fc13,4,1.327352184,true
01ce1e132e71e2036ebadafe673f518e,9acdce3fe2dc45534af96bc4755ad8e1,4,1.327352184,true
faf584c4d3a0e71cb77e6805daa10f9b,9bdf9fa6302931ec117127582406344b,4,1.327352184,true
cfbdfab823cc58427f492d173e33b1c9,a788b3895b3adf95f6cf443d8998c42a,4,1.327352184,true
de669d690e257027758df107a008f25a,4fec3abf3d62f99569b5c10e5be0ddbf,4,1.327352184,true
69dc484be09f04ce21ca9d3d86dc7a81,9f664f9b7930f7ffdbcc7fd9c87d9d2a,4,1.327352184,true
65efb8078d7183b5615354504afa9ba5,d445ef132fc55da88242c9c04fde5d4b,4,1.327352184,true
abb6e259f31fa187029e970698e4d5a1,210f27784c79e8ec55702ec18d55db7a,4,1.327352184,true
73993a72e8d564596a5d4421988a50a5,0c698e04b5ca08c6b234a9b9c5d4b7df,4,1.327352184,true
3ea1a34152e1a91978185d7a2646c29f,e1d986b96612f2efdb0eb9cc45172d60,4,1.327352184,true
ff9e2b423cf0ee17cb7ded1054996bfe,9a016fcebe09ef07b17a26bf40b059ce,4,1.327352184,true
f6bc8237e7f9c62f743be515da72c4da,252fff6ee1c49084f3d33cf31bf21eec,4,1.327352184,true
d74c0a965e2492a66f343ebac2db7d8e,b03246fab4dc99bc26552f22bf32e79f,4,1.327352184,true
e2b36e85c04caf5a18823b7cf52e6302,f36d7832ea646afed666f467838e0de9,4,1.327352184,true
e0788ee4837872d3e6282aeaca956e75,c58ed06ab812e552e4d76b7e396757d8,4,1.327352184,true
81b9fa5c4fe6d53665372ee04366bfd8,4db9aaccddf43fa7a0dc4fc327ed3770,4,1.327352184,true
dd561c510d41aa7ec76ae2f9fe15eea6,a7d95e4174ffae0bd931aaba21f8139b,4,1.327352184,true
1a9064664fe76d55b3274c949badb2cf,b96715875784a874b78c8d36ab6726ef,4,1.327352184,true
5d5f34ccdef40a62c1c13fbeef152bb1,ffd42328bbb8060d6d9cbc80ed20f0d6,4,1.327352184,true
b36ded805850209da19a2ed95158c06a,2cd2c6d298a749ad78c978ecd80328c1,4,1.327352184,true
309e5bef7bb75132700feb4608a7212f,9767a5d141f99782934fee2fbfe60c5a,4,1.327352184,true
110311952fe0fedc9a244f2dee3c47e2,a8193beecf85308c2649473e036af137,4,1.327352184,true
c8e9108a1611ee7ae521989b66e314d7,180de7ceafa9565d83f0560d77130093,4,1.327352184,true
637d1a9ca92ef53df888cccceecf675e,ca715fa9a7b4a8f5f02a534ee2fe1188,4,1.327352184,true
a2c1a0a76dc9c2a77b7a08bf27721798,96eb385c08fd6949e9f1110a7675d0de,4,1.327352184,true
524fd69234e537c5e29bcdc43cd138ed,265b35d5209b75c281f1d4096e6602a5,4,1.327352184,true
f97700f9984ff2f31778d2b16c2b1f2d,6df21f8411daea2febb1a61ab0bf26c8,4,1.327352184,true
5726b43ef436a64acf32c5531413a8d1,4c860d9a3724a9ca39e7a20fe97e7e3f,4,1.327352184,true
27276f744beb2c0f07c284beb0c1097f,657d190e6e825bba0237c6b163602b19,4,1.327352184,true
067f4eee00c9fb4800205836b1d9bb6f,4cdc6a2a8714c7277e2d4e1ca6b553e8,4,1.327352184,true
46dbe8ee3ed129681d21f61926a2c756,97cd4e8c379f7b9b0e7fd2c9dc065a77,4,1.327352184,true
17c0a5012640812a47f6114185d20eac,5660857cac7fca2c9942d52c3cdd9b13,4,1.327352184,true
1a1d4efe8d3d6867eca8af78d504fbbb,fe63e93324ab84e2ffe7073cd109bb68,4,1.327352184,true
129e6727135ae2bd4e4ad680f2403176,6dabce1052a42512a78818f24c1e12fb,4,1.327352184,true
4a49747533856de2f2da41994aefd5b7,b671398111a7bbe04a589fe82dfd022d,4,1.327352184,true
99546bf7efc6f246ca7b478339045be2,17371d9a4e87a34a094fd834d500f792,4,1.327352184,true
441a46337eef877e1ae0d0f847f634c1,9fffa3160eeb970392a3e1635c0e88e6,4,1.327352184,true
b7ff965c2bc056fc0535850b6eeedbc7,7786b8207cdf99cbd99aa9945b7dc0c0,4,1.327352184,true
be9da1d60203e8904dfa269b2384054e,9cf35bcdf42e713818251b90a7802e82,4,1.327352184,true
2f01adc6a4d2485bb50b9183b2cdca04,79671270086e65e8b69000838a63a653,4,1.327352184,true
494c28fa8a358350f4d5f467b1306744,061e2a05dae4e1d35063306caa9c64bb,4,1.327352184,true
b0b2e4ea7bfc32678211c786c55e2666,dc4d3b4cb9e091fe41b5234fed358b9b,4,1.327352184,true
178aa83219c227de6370bc22d41aff88,2072473e7375d646291358280d046580,4,1.327352184,true
5296cb6e61a2650646478ec32b22dc06,d9a07fbd30912422fe54106041c49e74,4,1.327352184,true
f53a1c12b3ecc4989de155fe28727065,dd0a174fe46a9f8caed8ff7ed42104a4,4,1.327352184,true
e0e59202b04cb656b257ced789420290,1bea6a153ba51f343b4c09d4cf886184,4,1.327352184,true
8d1058b95432a94f562cb91e766f3e74,9990669544bdf85a717fd10395125f2e,4,1.327352184,true
c2c9ae5484ce15bb14a477e4a3c89168,d55c2bc5b160613f259820574088868f,4,1.327352184,true
8af47fdf3c6baf7b76b582ecd8a2fb93,09a8db18997f1233673f88919341f363,4,1.327352184,true
1c49a656071d3532ff9db93898409a1f,86ba9b5514edc8adf3350c3bbea5e59b,4,1.327352184,true
9d445b6b0df4b4cdd2fa076363c02cd0,6c5880d990a513d8e79a32cb1055df36,4,1.327352184,true
326fa3be6471bcf2c52a6c234b499d96,4b98584434495a15508c65df72c4615d,4,1.327352184,true
206f6892aebd18672ea4b9490d32bd27,32a787d43e91f6caac77782e6a4f6766,4,1.327352184,true
7f73fd9b1eaf9df24165337ef1254a2e,1ccf23188609963bfc43c3330f740b14,4,1.327352184,true
7412c5eb5a5e8ab79d9846e52706b2b7,0ca4c1fa56d565834d183bb709fa22e3,4,1.327352184,true
60d046812445013b67d183a0cca40293,b033ebf18610d339c9bf80ae5bd2ed97,4,1.327352184,true
6d6f773a78033aa6def7409af1eb4fd3,d4897b90cee5fa58f077c0363d81b1d1,4,1.327352184,true
83095f2b895ad4627154a0b2e7995fb1,a3d732010f4022d159f1de4314f651ce,4,1.327352184,true
f3d20ba65e9060fa5dd6d4f478c0fac0,ebca9b395feb7f2bb8d3a5d009a32e70,4,1.327352184,true
b7be1a33008cf50128a750c79586a573,ab5291e28b2b5d201903f3af81195f68,4,1.327352184,true
bc468cc7e001b990ef7c2c6978754b14,487037697f014056f3bce84eecaa3259,4,1.327352184,true
0e4c752033d686f3e7ce719d03287a59,cfe8e44abb85c5433098000667ffd87b,4,1.327352184,true
6945a07abbc5669d686350ac553e2f43,6d4c06ee63167223bf314cce1b3004f7,4,1.327352184,true
6fa9d539d5619a61549ed93f6fd8ea59,bb092d9d75c52d28a5f9505014baf7b4,4,1.327352184,true
8a0e3052e32d16dd292c6cc16f3e79ab,7242fd30540191bdb4eab312adc11492,5,null,true
accd72a200503807eb266489104e5881,a58a6f2b5e95c4015ffba2dfc0d5a707,5,null,true
5690f76ee4924f395b7ab414a05c499a,fe5ebac1c32d1bb5adfbb7e5fe325266,5,null,true
f14f0b30390f05b9ce587b71483a3df9,95402ebccb8bfbd5074c3ab3a2df6791,5,null,true
4461bfa0d2ba9844c462a590914e7589,34cae54f1a5f853ad1bc5a8146a99b6a,5,null,true
82b147f766998e0f88fd4fd3e0ef657d,ea7cb116af17b58c404ddc3a06b10928,5,null,true
588801c869768d915717c439da257947,acf6f4bf2b548421bc6879b6ff1b544c,5,null,true
f23788839115217aabfbe1d40e36b6aa,5436666a2915eb2df5d340955d7758b6,5,null,true
75a7137072a2368578ca67d149db794c,d8101e14cb005a90dd9e95b116d27ddc,5,null,true
4dc719c62d15d5d5c34e427699b29de9,c573563b669bafd8a926341a8882eb56,5,0.0,true
1026b733ec9b0bd84cdc7642a43b957f,173c8a58c2b7a5ef3e8ca7970e9e1ae7,5,0.2948350405,true
08f9aee9b269cd66596a6de22c57f74c,ceb7c2c28f85bbe028754fd700ffd998,5,0.2948350405,true
79f5eb15499ee68e4bbcfa67df40afc9,ffd42328bbb8060d6d9cbc80ed20f0d6,5,1.327352184,true
b80580fd1afa45561ffdf3c9c4a0129e,9efc9f72dbb5c4ed70e60e7795fb5571,5,1.327352184,true
dedcfc9272375a85857807f48692a58c,b033ebf18610d339c9bf80ae5bd2ed97,5,1.327352184,true
dc7a6593a6706391bf0f36818decf0b4,4aa252294f6bd7d8f0a1b04acd36d5af,5,1.327352184,true
f9d9366ea6312b3e6a8c7bd4504ec791,97b902a59884f0b09e6dc83bd82d4870,5,1.327352184,true
e86fe7ba57ff953e271a869673708688,9767a5d141f99782934fee2fbfe60c5a,5,1.327352184,true
9b1394e62a1b8f281d7d9a8fac6cd618,d0baa42257b9b81cb9407f5a6df54ea7,5,1.327352184,true
1c1f5483b5db13d917d6e1955962902a,4a0582c585988964cec0ce30cb8dafb9,5,1.327352184,true
bb75767b08b85af8e240c64aeb11c7db,252fff6ee1c49084f3d33cf31bf21eec,5,1.327352184,true
5c3e4d7df47b2a180bf6139625439e0e,d4897b90cee5fa58f077c0363d81b1d1,5,1.327352184,true
781192a73a3c18b0811064622300a4fe,2cd2c6d298a749ad78c978ecd80328c1,5,1.327352184,true
4a25eb5c495a724338680e054df51929,17205eca35d59bfae990233fb9b12416,5,1.327352184,true
69df79b98d319567544058654ec4515e,32a787d43e91f6caac77782e6a4f6766,5,1.327352184,true
4bafa0740127212099634fdfc46ef649,f735b52c4c23b1c3bde62e208566593f,5,1.327352184,true
8d6919639f441d8e34192c3007347bba,bc086bf1ba3682aee24929374c9bbf4f,5,1.327352184,true
72c6344de49e8fbd4b3a64800f961373,a788b3895b3adf95f6cf443d8998c42a,5,1.327352184,true
86731d12e1e1fd1b7125095bb8458bb4,8da44b649b0109a290922d7bd4cecfb9,5,1.327352184,true
af7e866528e6fc92e2de0ce012d607bc,9767a5d141f99782934fee2fbfe60c5a,5,1.327352184,true
bb62a6c1c554bf1216284a9a5ec176ac,b143976558406bf561fb669459ebbf8d,5,1.327352184,true
5110d5e225dce5cc1523ce643073d6cd,857dc560a44d980e3c7cb689cfad15e3,5,1.327352184,true
99d3cd3715f4b9206644274c85d0186c,943300d11b428560186bfa05c5cc930a,6,null,false
1fb25de457f4e82a51762140c104da44,1c76456d0849d42db150ad1b4ac5bfb8,6,null,false
66333d209b98069ed17cf6dc8117b02a,c30cf97096cc60960b23292012d15370,6,null,false
1a2675f524c7e8cfdb79de495bde3591,6787bbd8d9974865ab6a3e65411d4505,6,null,false
3048529a917bed31ba746b45a835a56e,8997262b911be4f5bcae5b3a61c0c303,6,null,false
359fd3b9330ea5a37cf5e965f2e141a1,67e944b71929e5e8835940ac7ec20783,6,null,false
76540b450449705866f1c377489ca241,15892cef366b1adf53d17aaf0ba0050c,6,null,false
7b1b4ff1ea4092f9a7aea5781708a681,4d2b7788bf7994d6593d6be9333c8e66,6,null,false
f8181ea7faa67b17b714a6a91af64a8a,9fc1888d565ca56503fbdaf9ae16f409,6,null,false
7c2616adb75eeded7f3f11243196e990,63c3bb3e25922cd05f2f03a254ccd9e9,6,null,false
5698e9f70affe0bc06d284e03ee54427,cdab6134a8371844dce3fe96ef74be86,6,null,false
1ec35200b1d8ff756690be43cfd8cdcb,8d7c3fb366b170476e29a051058586ad,6,null,false
c4aecfe6ebc1d68902a8e4b1ce7306eb,ebd18c75d745d841dd6d497c977714a9,6,null,false
da9a703ad97236d17296391d81af052f,ab2feaa1a4491c51eabe96f064732cfd,6,null,false
c24b71b81b78134ad699f38808498c32,15892cef366b1adf53d17aaf0ba0050c,6,null,false
cc4133ca2b3cfc575898f25f29d03687,5659862ffd79e4f3948cfc5ab25ca438,6,null,false
bd9f96b2d64dc0061661e5632c384ecb,5e99b04c419056fd40d215613a7d0e09,6,null,false
fbef26da33fe6927ff768f98fd8c359b,8997262b911be4f5bcae5b3a61c0c303,6,null,false
9e6a12a29f68ecf2a92e19b8b9cb9e5b,63c3bb3e25922cd05f2f03a254ccd9e9,6,null,false
6d0d010c14254211cd8e52369f81494a,c3509d25a84eab34d140bfcc2c7b02d5,6,null,false
791aae7a2f85a8b2bd6dbc6b89839f85,c30cf97096cc60960b23292012d15370,6,null,false
279ba86655befd5b05757a577788bbc6,6787bbd8d9974865ab6a3e65411d4505,6,null,false
bed5ede27f3d5a7a7b6f9adda4a24426,040a5c30c0a0687d03fd965484ad967a,6,null,false
5ff6aab478920010b03e6573a6db55c2,d1ac0e6c14fc31427f3616b00c0b2e02,6,null,false
86133347b7b48bf26b7a520cc67eb651,e6574b099e7a355be9c66c3cdb456ee4,6,null,false
3dec18a046bd545e2667a58dabfd3242,0e4c4a6a30849300511393f98fe5c75a,6,null,false
078cf81efc5f02f3b3b9315e20a168d5,bc599eef037565cc48cae9c3a53cb1af,6,null,false
3eab605f1cb882a8403c6e8e3683cafd,c546b168507c8b7b7a75383da1746cae,6,null,false
e49844d4cf759bb6ddade715f575ca19,c546b168507c8b7b7a75383da1746cae,6,null,false
ec0a0c38fed46873a01265f988decb0f,aeb5c2553a5357164c89b78eab17c085,6,null,false
e638f18932fd05be3286836c287503f6,93574581c1c06a5a32db51b5f3e79a52,6,null,false
d1148d30a18f2b8f8c0ba794dce25664,b843e671b01ca87bead5f2706c597b91,6,null,false
9846e402802f992d7ab5604dee25d0db,d1ac0e6c14fc31427f3616b00c0b2e02,6,null,false
bef2febad181c4f4cc2f2d74d655eb59,c3509d25a84eab34d140bfcc2c7b02d5,6,null,false
fb9099789b0e9354e7ac0f9a07b27777,d1ac0e6c14fc31427f3616b00c0b2e02,6,null,false
fcf946163b9cc796062492e4e1733e14,e9d7abba46e626474b1396b3e9a82aed,6,null,false
f69a76bab4017b868452cb190e87746b,cdab6134a8371844dce3fe96ef74be86,6,null,false
e51433e60458e7505b25727e49924785,841132ce78383dcb1204f28a437c704e,6,null,false
e19234c3dbf3b04e52c2cece9485d25c,1c76456d0849d42db150ad1b4ac5bfb8,6,null,false
13893048e2176769475754a45389fbf1,e74bdada16c0db5394a9a8d5bb83bebc,6,null,false
2e216eab31eb153b321257701e8b3ea0,15892cef366b1adf53d17aaf0ba0050c,6,null,false
0021e86ecfb37d62615a2f4a00db1fe2,07f8d41358026a37b99fe42c4ad2117c,6,null,false
f9f24b298a821c71b237f41c9b3d2b74,2ebe2da51d491bef02aa1c1b33b2a825,6,null,false
04f72541a42a8da3384e6a561e60311a,08485a0c9aa76c26374bb525fae0f66e,6,null,false
dfdee0342d5cc54a8460384c08c60626,ebc579825c1ec05f4d7bfb35f7512f82,6,null,false
952b7b9c0847f2dfefc2aabbbcf35a5e,cdab6134a8371844dce3fe96ef74be86,6,null,false
cff48fe6e9e11c2a0a9ad8b08dfaed17,c546b168507c8b7b7a75383da1746cae,6,null,false
314fa4a86490e591df322125c31f4f99,15892cef366b1adf53d17aaf0ba0050c,6,null,false
05b560280e96356112b843d4f1fe3e3c,0f88585d7b4ab69a20e5c0cc6b644e14,6,null,false
c46441a72b8e6162dce0eb18e246b557,bd4ad03fba28ae8cd60fd10fa1cf9190,6,null,false
7d16104fd204c3944f9ecd875704ce63,05c2e9f12d875fe83a048c5ec67d2cba,6,null,false
cb85f756c3e74c990e52989470382142,943300d11b428560186bfa05c5cc930a,6,null,false
baacaaf0ece0e488c2d4e42cde906ba0,af74728c745641e42d15d4b00663850e,6,null,false
512bb1c4c84c282ac9254e47c243ec5c,299cceb2a34f10b420449c86ba5b0ac0,6,null,false
7ec2270898a4eadfdf5bb9d2ae45c7a2,bd4ad03fba28ae8cd60fd10fa1cf9190,6,null,false
f9a088c05b019a5c1fa7612561d102a1,d1ac0e6c14fc31427f3616b00c0b2e02,6,null,false
d5d9c8e36a8392d5eb8fcbff9f442b58,d1ac0e6c14fc31427f3616b00c0b2e02,6,null,false
29fff62db15da51a0070e1444271d871,e6574b099e7a355be9c66c3cdb456ee4,6,null,false
a79052548695b259a1e44ca25abec15f,d1ac0e6c14fc31427f3616b00c0b2e02,6,null,false
0929b9659f8dd1d6aca4b855102e8ba6,d7eeee023da5292c1056fc2fa0e9c463,6,null,false
f28641b0354dd7492d64151ccc869ce2,1ca4b11ff274ac75f76ad50803b28436,6,null,false
bd70426fccc71643facda17789a8d3b2,2cd9c167837151df616d20979715c319,6,null,false
16ade94b8e7c8f7fb4f6ca843ef458cf,0fd0d78260cde53e7ac612ab45829130,6,null,false
4e83a2ec90c7c5068a7b039d06c7bcca,c546b168507c8b7b7a75383da1746cae,6,null,false
15e8db21fe7d2b62d01123e915d54444,e9d7abba46e626474b1396b3e9a82aed,6,null,false
34e6c58882a12ac4eae10a1999afbbd6,ec08280eec9bb1820d35f7742941f446,6,null,false
8fa4f9288aa6d2abf36dc6bf560e4d33,18a8eafa29d8ef0845f027efa2a0b1cb,6,null,false
1b6a194ee84084e05d8c441fe226f984,040a5c30c0a0687d03fd965484ad967a,6,null,false
23949cc44b92b3ff965d286c43b5dec8,b843e671b01ca87bead5f2706c597b91,6,null,false
a76f479bfdefc10a0b17f964aea83892,8a1e993a250ec0b1e67b22c65b6878cb,6,null,false
d2668856c98a4270f363e67544eb6c9f,7840d07b305ec2c7035e67f64479313a,6,null,false
63f50139a5237f502b224fab338d30e2,b843e671b01ca87bead5f2706c597b91,6,null,false
bbc84894d4c346c6d62f202003a44b6a,c2b1d8e0e715f89a399653d36b599396,6,0.0,false
ce4bb1998b4676f684595f80aae108f5,c9ed76781954daa5605b30063a058f97,7,null,false
1213b5d80f2b11eda342a16d9e980299,243c6e2a5e743b4646936502b5079e96,7,null,false
11d1c8429e087c32e1a88902b0c585ef,ab7e477d74e814e83a5913f196d8ce25,7,null,false
e241cbf3b6311f3babe8dbfd3d2faf0c,7f970fb4bd22bfae8f0f4a864e4d22b9,7,null,false
43254d4345c64fb3320c2719d9b2750e,aff7c424449c29d768123ea2c6215006,7,null,false
2897858c647d05a3666e79bb2ffa4644,514bd2a182ea7615545e7263f1530790,7,null,false
6627fb6c60e77334fecee611f1e90062,a8712384129bdaaf5cffce07eb6b7e22,7,null,false
7f9ddf56d874dea7cb499afa03c75727,77e2513473b0c448b31c734201f13073,7,null,false
c6673531ba76459c9ee8792ddb3e9e36,25ed96fa1803fc95aa6a9950e829db79,7,null,false
7fed7c01c3a86d1795c653e76869372d,0158585e2ff2b4dbe121fdba8120e8c5,7,null,false
865daf1a5e64e5b25ea9ec21c361b6d4,45764490d4a60ec05d07a1d1fa7a72cd,7,null,false
e2a7b118273b6c729e4ce77be8208f73,5a73fb76b9303b3b5d1e0dda42193d09,7,null,false
137f0f2987fd29514490c83ac2e137a2,40985c45df371033a65ac0780cd39a92,7,null,false
97ea40682ff54015b8819f863dae5af0,0ac2898ccbdca5765833b49d6bbc4764,7,null,false
11daba99519c5b06d382ae0d8ed35400,c70cea945651b17ad13f52c72d6eced6,7,null,false
b239e4c7a9b165f9ccf6901c7e7c2235,eda81798e6468157c6fd56d589efb169,7,null,false
33571e6feb172acccb4c8436ac1ab2b4,52b825ba8675fb927fbf2ac7d085a9f2,7,null,false
e6b40c789a5be8491889130273e4a317,de1f8f169699fb04463fedd980054d4e,7,null,false
c2a4647ac0eea17cf58817b3df36b8d4,d0c92664b6ea2a16279f36dd71319e4d,7,null,false
667f22dcd25301739140e957765a4d05,8f43c47203caf8eb481789f195d83fcb,7,null,false
d0b6e49cdbab4c9f2e424fb403149b68,16aa73552acacfaccd2e2f6a2257ef14,7,null,false
86c3363d8004ffb1ef097e431c0763bf,a4005725ee145b042afaf77c2489c3be,7,null,false
83bdae135cd1645c36266610e982f2dc,364e6b375c944a3c30abc20c9f3dcf1c,7,null,false
82f796ff7356bb001b8aab6798ca34e8,d0c92664b6ea2a16279f36dd71319e4d,7,null,false
8d466a7c9fc136f962582247cb6c547f,8123260600d7a52b506d4b6b5d742d8f,7,null,false
bbf80203f0726266cb74ef1174197d30,94e523f5bfe3d3f582ad38c9d24c7901,7,null,false
d614360a8d4bac7df38b684bcf78c6d6,8f82ee8875a9c659695899aac5e9a69c,7,null,false
b83be2402b1773adf08698d8f086adb9,7b3e1f48c0ab14a598bed73e8a60540d,7,null,false
ec3ab05bfb3caad725882151da4a6590,852a5b3d1b579bd7248f0256be1a21d5,7,null,false
cc53e30679860856315bdf769b31b4b3,b8a9b16e4312e27c75aea7990a1f2b34,7,null,false
6bf27b7d229306ff8fa123603a5f418a,42405d00a17b8a2af376287e84cee796,7,null,false
a14bedf963c81dd44bcea9dc9e1102da,732d2927f4745af8222086ae77f0fc31,7,null,false
c5e504df0bc3fb08aff8f8176239787b,3a0455be279b312cfc6a42e0f42cd968,7,null,false
a80f6b68b65391eff809be66ea7e34c9,f807a88a9ac0af511f26d0a9f005b484,7,null,false
ee623de8f9b2bee5973beae4f1c318a1,fdf58452ef8bd2177b29a0871bbc7e3f,7,null,false
1f55eb320e81a85806a8c63445097ad9,d0c92664b6ea2a16279f36dd71319e4d,7,null,false
0a2ceab1f13a4a52babf9b2f4b4d19af,ece5bb52f0aca55af5ffc37620a53129,7,null,false
5e736f47d4376be04c8c4ba20c4fdadd,4cbeeabe65a3d4da4427b81f6f00ff20,7,null,false
40aae847d5fc899e273a59000671aa57,7278b4c581a3dc76cfcb51aea1e51647,7,null,false
14036ff989a0ee292f839c6b6261afa7,1e7c8c1d82e8d6e22168a42bbeb57bcb,7,null,false
e1b08a6f2019e8cdbf0cc2f59a69bb3d,0573e0030faf2813c747e2b574a75679,7,null,false
7452e8c061ffa8c4d7aa29a76a97a322,57f86d68ffb8af99ff2f98671cf81ecc,7,null,false
dab871fce302b26c9cd3b2348cd5a90a,f5157cfceb525909b2ca436b1be611d9,7,null,false
5e8e6fe8109f195c61a723902c4f3ee2,3b5a8f61522bb89c986737a819b30d2e,7,null,false
bb98bbf2a154273cb428f0af8e6c50c2,8aba6e0256e1e876a33b25108c9774f5,7,null,false
f904a20438850207b9a38595021640c1,0cb46a814cc83c1df89dfb323138303a,7,null,false
75828de3c3a823f96100f2efd8def17c,d0c92664b6ea2a16279f36dd71319e4d,7,null,false
061e6383b442627c6b90c0a5ccf530c1,2077a332184d3df28eb9b64b6538ab3a,7,null,false
0c8ba7c902399a0087f50a514d9af744,2d9ee805b7064ebaaafcd113ba05d20d,7,null,false
d99db1a1040d6a6519aec57bdb725f14,037b6522d87bbca6ca1858fa682f512c,7,null,false
44ebe3d811a341018e699296dc37e6ba,e4afbc6b19fb169fb7f0caa39aef55e4,7,null,false
a7b1bb9b9a3a24dc979c7491ccc6777e,bd70a97e83bacc505b9d7bca098a7de7,7,null,false
49fab527c50e53bf85ad0d496dbbf555,d26e7e62b6992c23140d250b2fa90b49,7,null,false
8da391f5c78157b808093c40b84c70aa,5719ffbc7e1691eb8ed73b9397cf49c6,7,null,false
03ea01bc437dc293d1bc846b251dc95d,8f96292a70b4d756e1df63f36e399e01,7,null,false
708860cc59ebe127bae606fc16fe7639,2d9ee805b7064ebaaafcd113ba05d20d,7,null,false
d31afe225b17e591c8a8d6e7e3fbdcf0,254978a4d9c02b40f07cfdca1280dcd0,7,null,false
9ca805b574cfbe503a410254f8b16c66,0c75a1817606dbdee66d04130f27923c,7,null,false
06b2d9b84bc556d41974e327e14e310d,a1257481d87e671e4682deca0052db43,7,null,false
d6b54f5637439adbce449900b7f5f547,655ed0e308b11f3b116f5c8d63158ea4,7,null,false
3eb1de727d05e4d2ce0d0bc1a5b65a7d,d0d9c211237285084b58b7c3869767d4,7,null,false
6ea9b81bff6020a371a046d8c32539ce,d0c92664b6ea2a16279f36dd71319e4d,7,null,false
1df8b6624665e06f316bfc8c1fc07891,0a05f619687fff2448c4dfae8b23e1e0,7,null,false
848bda83cb596664909f8f9878f6b55b,89ac8978760bab131842cb8184d4307b,7,null,false
9670a4e440ed30137ed73f7b1086541c,9249ebda9172d372dfa80885d69f5a08,7,null,false
eff3ad0a50e1bbb4435287831e272e6e,7cedb47d5f28067f6427419552205fce,7,null,false
2f5ed133f8414e275342382727eb037b,0932fdd90f1975a37e465d246571e42e,7,null,false
24edd8e2dcec9a9b1ad631f61a364d43,89ac8978760bab131842cb8184d4307b,7,null,false
1e8ef91e01c400218ef897daaa6503ef,57f86d68ffb8af99ff2f98671cf81ecc,7,null,false
9c067f5a47b53c62b99b0fbebea1a20f,142ccde1b5c8b55c48336ac98c7f156a,7,null,false
5587c21435ca8ed72169d31b18b79841,5a7115ed5ddef9f387464f2c45365b0c,7,null,false
6c5e1115c1d3a53ad32962ed2f528e6a,d0c92664b6ea2a16279f36dd71319e4d,7,null,false
d312b5e843ea75ef5a370137148f0e7a,a5587ec65691b8ea49f01c749982deba,7,null,false
f827837e349dc2500698d0598fa5b8d9,34e6960a7445137cac67539c3b1d72f5,7,null,false
a831a946e5dd99b2dd37ad8f62906c22,edc8b87a2db33e16cd7c9c5747325300,7,null,false
ce3d78b2a07842d1105803a1eaef2104,d0c92664b6ea2a16279f36dd71319e4d,7,null,false
f7c6f82deea95ba268ef4e8ff155ed70,54d09a8a6e0f861f607e7d76da7f4091,7,null,false
496bf89af3413bf67911664cf5a09579,d0c92664b6ea2a16279f36dd71319e4d,7,null,false
ab5c075323f017913efe9689f595d788,70c614522695b9cc4a2b2ca3c4ccea47,7,null,false
47b5323bceeea436c41de0479fe6feea,5cab23ecd8b8258e97dd55db5c0eb930,7,null,false
c1f3bf872c52c5c4853f562f83016c6e,8a3d8c7a31cea5c9818fdf0220230cd8,7,null,false
6480a7dd0b755449b1548489e80e1b80,a2a9d698b03f50ec0a6c0b3d9c2102a6,7,null,false
2436d8f2fea8e44329d4a804de7fc712,75a84b9e3ccaf0183760bf9bf3627f9f,7,null,false
85b36ca9d5335d8c0f4424b94492e311,660e32f973b98a13886aff297fda8bf9,7,null,false
faa51fa4f7dc1698beaefdf24dc572cd,9d5c9cb2cd4bf329bf4db1ea9dfaf7be,7,null,false
f2cd8e59efc93ae7a0d4bf90dac91c88,ae1f4addc01e3443a30a808771ef80e2,7,null,false
1c6b609fceb823b150af3268ab07aff5,262d2435b65ae77f7db56aeb9ba3ff14,7,null,false
d37a2fdeff3487c9258ee4318a322a8f,578b109c7ce119ef0afc869b1ecff3c7,7,null,false
beef00cbee2176076ebe809f4cf243b6,17ca53eab8920bfa21fba6c98552541c,7,null,false
5194d4c3dbc11353fd70b1954f4c2d1f,46cce1d2f5a281f98eef9e5b7807ebd2,7,null,false
16fc22032f8844165dd0089685d0f038,77d9930bda0f6b7101320ede51bbcf31,7,null,false
1eb07b94b457ab08ae46c9d8244e8976,faaaefe6f1daa004e2a166b6c9bf46ba,7,null,false
7b76c2dc0d935dbb3c74db3eebf56184,ec606a4bd3c6823646f76dcf5753354d,7,null,false
edca385b8d1a083c1845a2e9c0d4df64,854b48bf9b4df4de56531f78730fde7e,7,null,false
9461ed16a45a1ea8ada19ea5a09b95c0,d77b92c38f2618c65c5505518c54f28e,7,null,false
dc0d7bc97f0f5eebb305c410aa8ade02,040a28a3f800e373f52a132e6ee114f5,7,null,false
ed2548ff3cee365398236c6b4f8159da,4a34acff038ce998c7306e0eabc6ab4b,7,null,false
ff27e316592c80428343ce85be1e79f4,55b0a0e83a7389d1a10c51ee6c7e22c8,7,null,false
8cec0992045751b9bb15871b25f2e9bb,84704ac2850a0f4a00f696664e0c87bd,7,null,false
d0831b036134112b26e953c925fc13a1,6331e925c648f124236f915f45a74ce9,7,null,false
2a847554a3fd779467a923d61bb50368,852a5b3d1b579bd7248f0256be1a21d5,7,null,false
8b94d75d34e196c4ffc45b36f710d433,6ccf24592509dd85d7e68bf937f53b71,7,null,false
2af1a1f9354acfd12ac292fdca1dc477,3672d2449f33a076ebe0ebf381d1ab18,7,null,false
f261ccaba02981432ae1146e9008c9ee,bf1879fae05e685249826691b565d29d,7,null,false
8aa33c72a5ef91ace20d39e1023d3cb3,bf1879fae05e685249826691b565d29d,7,null,false
c1670d553e4bea9b0d301f2ab1af8e27,c99e2a31ded53f428e9358ca8b86cff2,7,null,false
162970d868c162bdc1f2b62577ab1f03,8725fddcb3f01ecc2b8c0b1f8de1c284,7,null,false
e6834a0148a826243c5981ccc7e2aba3,dbeacbde77b4f31c0ea256fe01d33bce,7,null,false
d8c15e755c05f46f68e88b4d7f1f224e,5719ffbc7e1691eb8ed73b9397cf49c6,7,null,false
b0819ce0f7b6734c033c055f785bd22a,08c9790aea6bb0872c4221795f9e3c17,7,null,false
049dd0a057d6f57df6cda7d5a3065148,f2482da50ea6f6b3d82c8c479e3de2f7,7,null,false
56647a8355fd11209e25a8a70c26b37c,44ae7fd20a016cb0f0a3f6b4abe2008d,7,null,false
15182a9cf318ce5210e6eac2d206f771,9d5c9cb2cd4bf329bf4db1ea9dfaf7be,7,null,false
31c7f6208d05c342375538d3e2203c2a,3f5efad858abddf2946a49008a83dd51,7,null,false
7b1a8093e7aaeab53d552b67643c757f,7234b1ab15719cef299fb19f08638dd5,7,null,false
5ec81cb79ff2ea9aa617c53dc3851e13,6eed5611dfc4c2d9ae170c3ec86a8ce9,7,null,false
a6262f5f87b4e4d8d807dd7f4f7d41fe,6f815bb6a552ad52307b5c3a420b8dca,7,null,false
b29fbf9e305191a4337edc5600945cac,dc43f3444162e9d828ecd2f8a3ed5c6d,7,null,false
abc5fb44ec64c924ec34aee7d3b0a8c1,b6167fb9e42130d527bbcf97cf3e90a8,7,null,false
212b36ab4e2e3fecc90142a21dcd7e5c,d0c92664b6ea2a16279f36dd71319e4d,7,null,false
ffb75a8f4b44c19d11aa4ba99e18a65c,d0c92664b6ea2a16279f36dd71319e4d,7,null,false
b1880ff7a7401156df4e6010e647ff5b,73f57bbd03077e2ff7ada3f4c0ddf1fb,7,null,false
e360210a95090e7d671c92d0b2ca345d,92df0a360c9aa7bdb99137c84bc5b5f7,7,null,false
afd45eb557cd7f52ebba4c03f644de46,9d5c9cb2cd4bf329bf4db1ea9dfaf7be,7,null,false
d619358e216eaacf0405425ce227eba4,fd2002298b284a3b2eb9f77bc7867562,7,null,false
5c95aeb6cd379081b4d720f727fd26f0,d99bf873d5202e3efb2e870e447a788e,7,null,false
8eacc5504caf183de7c8b62fd13c3d25,d0c92664b6ea2a16279f36dd71319e4d,7,null,false
069e91c3ece70f899c03438f745b35e4,d0c92664b6ea2a16279f36dd71319e4d,7,null,false
bc749a75a911ec41f00d257315e6d18c,6162c0cb27855eebe9a808f493e1f878,7,null,false
296647327b407ba13a155dc27e4be2f7,f360e7ec4acbb2fe913b9851d4d743c7,7,null,false
af7c87246229a8464f137b0f4cc95745,0022d271fe69de4f5c46cd890e38fa85,7,null,false
2200587908f77b8dbce66fd57508d81c,d0c92664b6ea2a16279f36dd71319e4d,7,null,false
1af970bc06b118e37b20a59bb5050fcc,182707457f65f1a05fc7ed0799accc7f,7,null,false
137f5514671dbff71a5ae50e81f44c25,56055296bb841898391d1dd53471933c,7,null,false
df40ee42c270347f4d43a95287a980e8,7a927a9ec7c4d1546dee5ed77a6a2157,7,null,false
d6838816167c0f1a116ca91379456427,f7f65bc7a577634d57d7979c9c9a2d28,7,null,false
8fcb18f89b781a2b73327a51581f5090,35f6f0334120369bf7dde3847cc127fe,7,null,false
c4be81e025ec02f465757be5ff2b34ff,dc43f3444162e9d828ecd2f8a3ed5c6d,7,null,false
81492591b1509f842fde1db35a900dd4,7265b2bcd216a96a7a0fb8cca65d4e94,7,null,false
71f418d9dde0dfcae23172809aaf8656,3f6642324f6649361af6205732d0c13a,7,null,false
de188ab05abbbd1264d2b2cb2c6aebbc,8d1acbad4bcf79d50d144ecbb7e02aa5,7,null,false
f28538169dcee903cd4fec84845d9e13,8c245b268ccd47981fe77dbd72d63674,7,null,false
7b0872f1b6bece6e884c31cd1fb70c1e,d0c92664b6ea2a16279f36dd71319e4d,7,null,false
c47111cf367d450547f77f8e7cd110a0,f668acc6d55e8e2e7f53356d2510ee83,7,null,false
12902f8d010c82bbe0ba34c7a1eb01a3,c87471fa6306a164aa1d61220009654b,7,null,false
463d1443696a4908d7a3cf43c5bf1160,0a05f619687fff2448c4dfae8b23e1e0,7,null,false
d105d77b995ad08cb862187b973d7b00,8315b8f2638e14a0a3599736c5f674b9,7,null,false
47277a1998dcaf48c0b21cc33cfbe55e,4148ddde16983cce07d02b263cfc252f,7,null,false
207b09c4161d443f76aa04326ebac138,7d3dc8407fd08f438be2cd32cde31e0c,7,null,false
92ccd67e28a529c168c44a64206a5c4e,447fd893d8669508a101bd65a59eb076,7,null,false
b65ba8681a53fec9020553c01564b446,44e3ae480ddf2758ab55295573a68c44,7,null,false
daad7397bbb8880b7ec423a0102a8702,6a473058c8d903784cc321a202d2bc23,7,null,false
7919c28130ccffeb758e669b27ff72fb,4da1a26419d171771e4208fa395ca4b9,7,null,false
5949bb2f8fb1a6e57275175a09336cf6,e9eccd842859b5386c2392e061806f39,7,null,false
ba5b157f1a694db02cc11719a03f8854,39baada287ae424c175381e1be2ed3f1,7,null,false
a01332a2af8811f3826800b4f40b0ba4,cbada8ac4b70c4f4f7ed357dccc5e18b,7,null,false
6d77e4defa24e3935bca92a2c467a51f,231bf95055d37261b9f2d779cfb17d02,7,null,false
8bccc02d8a1bcaa35c86832a17b172c2,38b36251d4958a4ea3c7c3eaa404d99e,7,null,false
223492ee2b65052fd5a732a039e66dbd,58d8eb62e07c6f3ac5454f5bc52f2805,7,null,false
bfb28ad4532ecc1097b656b2804c302d,5106cea3a42ff527de8c9aca24075fca,7,null,false
78a796734d3fa957b7d22b3b9c742700,f7f4d0a76c299ec83e65aeb87feb41a6,7,null,false
3917e84dd417974719e5f57b0d1bc3b5,d0c92664b6ea2a16279f36dd71319e4d,7,null,false
6fc2c2eec805b84b998d76bab9190b26,8b07ab0211ba1343ea18c09306b15001,7,null,false
d1fcd20d37338c6cf9c36dc926826777,36a66a2775e10cc80698850e7141e081,7,null,false
2d3702b8a0dc64578915745306ac79a7,d0c92664b6ea2a16279f36dd71319e4d,7,null,false
2782a4d1d55ce3893e853989f0bddc1e,43ce5499bef877e231235db93a886a66,7,null,false
0d60cd7a0f885018f26840c7b3fa36e3,c16ef78d24cf59a3f2a6ed99f4ef779a,7,null,false
b5e70aa1b4f32c0ef5f631209dc98089,c7552171fc39c5ae7cf3bed696dd7169,7,null,false
26ee0b08a9bb3d0304d83d9815b49689,7350a5a3a254acbc2e66ee235f3974b2,7,null,false
105c675ffe0b3d7f4fb21cc97b89c391,67d85544cf82aa28e94c7f06d7ebb6d8,7,null,false
2f13cce384beec5877a5d02156718ce6,d0c92664b6ea2a16279f36dd71319e4d,7,null,false
d1ca8575cffc9788f6760198614c1b28,56055296bb841898391d1dd53471933c,7,null,false
58f451b7b6185eef5e10be12ab503d12,a4f286bb2180a26b740b9e3a197bfc9d,7,null,false
5662e0183366b38fb23b41ac4a64929d,66e72795551df5510392dd93086ce9d4,7,null,false
f057aaf6ecb7f6dae86c7516a1ba76eb,dd1cb8eac2e6d405d921c419bf9dacb4,7,null,false
15e4972a1e243710bd2aa1c286af2d44,d0c92664b6ea2a16279f36dd71319e4d,7,null,false
153dca5ed07d4630d472850be8d99845,9d5c9cb2cd4bf329bf4db1ea9dfaf7be,7,null,false
f653cec7bc5170f200b132c5fc4a21f7,964b56d4b7731e319000fbf7c9492ae0,7,null,false
98f8bd770973ea3de692618f81c2c588,ee6662103474e9d94358ccb7577e9414,7,null,false
3d3a14f2854cc56bcbbf002fc900f279,73929e154127ff983898aef4f9e4a17e,7,null,false
29a78d891db9d6fb412ecf1fcadefad6,cf5ce616bfaa24ba5a44f853de5f2f71,7,null,false
968be616dfcc7b2a96253172dd88a947,ad94179cecfab1a56d13dcdfc9417197,7,null,false
3f7ffefdd1b53fb12dd9a51809b9c4ac,c1ce4b9b4d9bbddfac1acb45fed25fcc,7,null,false
f211fd26c428caf557c1a3305f7f53c5,1de039e6533c954a1df83f43905483f4,7,null,false
8ed71a0cc5e3fb2d829cda115d405ff6,08f03a18cb22c43b18d1dd01984ebde2,7,null,false
689e6b0acfeba365aa502934eb40566e,e8d68bda238ba2d5cac3dc9bdc7c66ec,7,null,false
6a0110803071f90ceec2a5a4e9b01b18,e85442b383c4611bd979510aea77391b,7,null,false
5c242508416476554c03f5fa4d1bc2b4,5a0ccdbb5b25a46ee2c92652c6f230aa,7,null,false
3b8e7671bdecb9b067bb84c6d75a8c98,7df3b7125bf71a600b587d1c63815bb7,7,null,false
ea2ab2b961b6e9e3def88e4a0aab7fd2,a7abec9c37798592b7fbea8178c41539,7,null,false
efb1ed2ce88cd00fc52c0152917eef88,5fc62e018367d3521cda805969ae18cf,7,null,false
d23074e384fbf4270aa66081f55e07b1,89ac8978760bab131842cb8184d4307b,7,null,false
65b3142270d6d2f4a884fd14768fc54c,3c5386cdee2783ca6d3e69e111d56cd9,7,null,false
6773d0615c7148220d1eb246729442ca,34415076d8c089bd5714efbdf4ba26bf,7,null,false
9de8e9f4ef5f41ff7172d554414769af,8eb54581a9a4a84c904d37e0b85bfe23,7,null,false
058a05136b81f41d6c65501cbdddc128,b29783763085b18f7a1aa6992da7289a,7,null,false
72fac157b95c75ac9ec0805aee4ab75d,f2cffcbf751af6d2b5806878075fb512,7,null,false
0fe26ea3687b5524a66a058d671b84e4,48504f17959266b6ae797d601b4f9be6,7,null,false
83a84d8f1938b9bdc08968544ace5aa5,b46e143a397fa9c3d495ac75b68476ab,7,null,false
505633f5bc732139ff4ca86c07a6f052,d0c92664b6ea2a16279f36dd71319e4d,7,null,false
9e2c9d65ad3c8a6efa525233348317f8,9d5c9cb2cd4bf329bf4db1ea9dfaf7be,7,null,false
773d01523a7f65c718971325ba5a8b4e,c748f73c86b8bd622a6166fd39f05033,7,null,false
58666d5140efdedf89b00dbbbbc80781,d0c92664b6ea2a16279f36dd71319e4d,7,null,false
7f88a524aaf20cfbc1989ace79e1a1fc,d7c5574b6baccfe3b05d32414d8f4199,7,null,false
3882ec2abefd59e5045b021e6c0d8082,1367e2366552ca8af0f091a0ab1b8257,7,null,false
210221c5bb53e347d6e1c7fb7fb141d1,5f05c0451b27871d7281c5ef369ec1ba,7,null,false
e2c2d41dea9a2eda22707c33e3b17d54,6e463152cab2cc6ee4ef42e9d29c5a3d,7,null,false
8dcee6676201ea9b2b928a23c2dcf1e9,c15ed52e6f0a6e5e9efe2ce47b8747aa,7,null,false
840bab22aafeeef4a71736cff74caa57,d0c92664b6ea2a16279f36dd71319e4d,7,null,false
54487bedd397df490320adb49cbdfa8d,65c9c0b9830989b63eda2c217c8d2af1,7,null,false
93bd5ec2289f202eb5ae52d8f58f8253,2058cb98f31ecf753e947bdf1b63e0d1,7,null,false
8f577203fa7ed3457f38ae3a3a41ee54,a35ecadd25caa6c9b40a010c45dcf055,7,null,false
d97def1da3a09626f4ea06913318ad52,80703af2b85670f725e6e2682a0b68a5,7,null,false
75282cf077c7e64b0329df3fcddb44c9,56055296bb841898391d1dd53471933c,7,null,false
f4f791f4fc806c597fa96ea87edea5e6,19187577ae268e913fa44335377b237b,7,null,false
8405867a0244a480936795642f5ff407,7c147e6f1407b2b3ec9914b2846f907b,7,null,false
6e1bb595ec734fbda6caefb2329ff16b,ae44b6a538d25cd501ba27eace9cfbf7,7,null,false
7f6bcb6c344b0885bdbff1cc2ef29a99,8d6e3199deb2041be4b116851d275095,7,null,false
9e0e0016f53b39046d076fa7ab894eb4,63142115293b0fa44dccd1653fe2d08d,7,null,false
a9b136f4910d47d1ef547a83704fed58,d0c92664b6ea2a16279f36dd71319e4d,7,null,false
443c79816233bb76470c5fbedadff786,d0c92664b6ea2a16279f36dd71319e4d,7,null,false
bc3df1705f687ad93fb66c1e10db4b9c,dc43f3444162e9d828ecd2f8a3ed5c6d,7,null,false
df0ba689f52b19f2e9717b82cf3eca37,78078bbe32ad5a1934ba84356f69e225,7,null,false
af19876dd9f472c5020f6c398da83d99,acbcf4eaa2c3a1a3acd61fe8bc7357ac,7,null,false
565fc82d4f1b9bef315caf086323b3e3,052b7789d38d3ee93d29b8d5e0872cc3,7,null,false
a5d5b6ac7ced47ed8e6a045ab0d3b6b2,179d4f6258d9a2c2a5bbc04737798d9c,7,null,false
c8715f377e643edc0974478ce8a27548,5719ffbc7e1691eb8ed73b9397cf49c6,7,null,false
19c638e5a4cbe3376b1bb781cbf63408,3a24645d77557d2f7df9fbf076d186ee,7,null,false
ce2299fd061f34de994a461346b8c30b,46cce1d2f5a281f98eef9e5b7807ebd2,7,null,false
d6d0c07ca6005c960d82d149a0bdca44,c61e5b0aaca9e23f28061a918ecfdc2a,7,null,false
21b6690d41ed0f55e6f03ad2c0db89e3,7ea755f1d77cde2e23345dc0fdd3dfeb,7,null,false
fadb74af805c9990f0a41d1ac8ab866c,b0bcb4c7a5fced18f681b896cc399d4f,7,null,false
247034681ed77befbaf9c303408acb6d,6eed5611dfc4c2d9ae170c3ec86a8ce9,7,null,false
612093202ec41e0d4a73eefac5be3129,d0c92664b6ea2a16279f36dd71319e4d,7,null,false
2a3996afd619823eccedf128dce8709b,05d55b086fc0c08ccc861bb20dd669b9,7,null,false
897050f2633c3115e78a8d443f644751,6b8327284d9cdb544a6e08849efa98b9,7,null,false
3de24d005dcf626bb26470e243514166,9eea8d46a9bfb24051d127ee9fd60b1d,7,null,false
bd32f0c99163c0bf7ad7ca201142f503,450e343251a17ece30b4af5432d74eeb,7,null,false
c92e048bf6dd66cd7ea005c50f7281e1,bf1879fae05e685249826691b565d29d,7,null,false
861ea918fe92b2f5b27856370f2d5293,5496a75b5112a5ab9e4cd7a6c3bd8381,7,null,false
000ab4259fd4f1a1c5e25d37d6f8b77e,602eac6fdb60c72e9ca29d189a4dacc3,7,null,false
ed138d1f71b186ec81affa16d70fd13b,e3c07492b69a406576252f3bcec4a94a,7,null,false
e4bf96f5b0ed2dc7d70e116afb6b4fef,6d4442fba1cb21c4e6060bcf03159e7e,7,null,false
6bf080f7b688e67dd34a7ce42a177cc5,6db31529e5a5990301332c09bf723530,7,null,false
514ce7f0b121bd43329f0af875b1beab,89ac8978760bab131842cb8184d4307b,7,null,false
7de04b48601a7cccaf0782efd6faf79d,0a05f619687fff2448c4dfae8b23e1e0,7,null,false
c9ea5e79d95c4f113a29d4216d7c97b9,67ab02cfeb8564c5db7ae9591af811ef,7,null,false
5809a4464d19fe83931ff260f33fa8d0,29404ffc10ad271e1c1932045a95e41b,7,null,false
65e7d9c751f6b32ae540ab0808fecf10,89ac8978760bab131842cb8184d4307b,7,null,false
ffc006a44167e60ce86c4f3c8854169f,b4159aefb756c0a151900b3af9698dbb,7,null,false
c29aa5d011e9a4ee7db9e9f8059ab652,86c9e15f7ed5a0550525d5744c7033e9,7,null,false
9a14486428d3bcc1f9f855f01cdaf06b,18dbe89bdf7bc03dbcdf5b77bb5b6feb,7,null,false
671953435ca44e7a279d9f56404a4a56,d0c92664b6ea2a16279f36dd71319e4d,7,null,false
763d2811b88b46f7eee7a3ba12a50043,6790e4264f15f2552d0303fdf9acc3b8,7,0.0,false
52be9337d2156b3425e38536b32028eb,f6be9fdbf33a4ecf3b9c06165005bfb1,7,0.0,false
7c3adfe662efe3422e93f31a6ee4dad6,6790e4264f15f2552d0303fdf9acc3b8,7,0.0,false
34cf056997e052a9bbe1305d8e593b6b,f6be9fdbf33a4ecf3b9c06165005bfb1,7,0.0,false
5ae59069876a629fa781bbc8b2a82e03,cb14219ac7d3af7eae1c72b737ff50b0,7,0.0,false
47649adb7ffae5ee83f5508863125896,a3b427297456a24033cdb2c02e67e496,7,0.0,false
cb9e9ed3783f5e1753ccf195a394fb18,6790e4264f15f2552d0303fdf9acc3b8,7,0.0,false
d4b9d10267a48c0b4d5187982a747e8c,dadfef87b0c9d472ac083acbae985712,7,0.0,false
acfea73dd2548046cb82e44c33375286,6790e4264f15f2552d0303fdf9acc3b8,7,0.0,false
ab79a6dca2d8c734f731329e85e1b100,6790e4264f15f2552d0303fdf9acc3b8,7,0.0,false
40d8a717fb22a75a2952cc6de75bd595,6790e4264f15f2552d0303fdf9acc3b8,7,0.0,false
d44067a72b9c4ef09f331950b61a3147,1df1fd55cd43b5de1ff1d3d4a3148974,7,0.0,false
ccd31a1012bede4f3bc59b9bb348c985,6790e4264f15f2552d0303fdf9acc3b8,7,0.0,false
eff8af6debf6a5cb3172d31bdd6a0001,c39747b66125d77829a4018da32477ea,7,0.0,false
e7dd071c1d7123f1fb4d3bf13fe34ad4,6790e4264f15f2552d0303fdf9acc3b8,7,0.0,false
59012e7a3cd2503e55295ed681f148cd,6790e4264f15f2552d0303fdf9acc3b8,7,0.0,false
9412168d6dd020815932b50b36e9166c,6790e4264f15f2552d0303fdf9acc3b8,7,0.0,false
76e2799b42d71d7838c2f8fcc0eb1b2f,6442efa55671b155e732111d1c04de1f,7,0.0,false
c185431d0c820cd4deb32006d92772f4,6790e4264f15f2552d0303fdf9acc3b8,7,0.0,false
683e26029f6e3a646175732859d86e90,6790e4264f15f2552d0303fdf9acc3b8,7,0.0,false
dac4ebf5b4837331bc5c9013d0b03ec7,55247c4d7e28e6a191a9a8953acc1741,7,0.0,false
29d82fd96365a94fff8d3bd587186e8b,6790e4264f15f2552d0303fdf9acc3b8,7,0.0,false
9c1fa8c09d29a85020f421c5883a8cb4,5a310e4cfd4ab221eec742b9ae588b1f,7,0.0,false
c8326140aefaea76506df7c44b0ffc80,6790e4264f15f2552d0303fdf9acc3b8,7,0.0,false
671d690422c2994a58f6f7e3944ba6ba,7121ea6626280de89a4d18d34393ac13,7,0.0,false
46740dfd7771f7eba38bbe7f67bd6e7b,3736a6067ca76eaad7fa5bf67657d600,7,0.25,false
b3b4bf03efc4a725dd41535203dfaac3,dbdaafe50b65015664fb3551d710dd0f,7,0.25,false
97223e2d69cf1f19ed79a700a1b5b669,633b9375c092cbb76787769076c60592,7,0.5,false
2b7458b116666c90a16c1a344d3eb033,9f722ace48d7e7d6dab55c4ed64691bb,7,0.5,false
f1957ae4173a659f80521c2e63490b63,8842a10e0f22c3e7487f9b7ab1bb347c,7,0.5,false
1d1bd1f0fec9a2b147338fbf59851f41,4ac493f52955db5d3c69dbe6a2e577ff,7,0.5,false
4e18786cfa4b3b9740aaafe082ee1e04,633b9375c092cbb76787769076c60592,7,0.5,false
56b330d6c09cd8cca223bfd95ced84d9,dbdaafe50b65015664fb3551d710dd0f,7,0.5,false
b59b8384e99737efc4b47d9f06f85fbe,dbdaafe50b65015664fb3551d710dd0f,7,0.5,false
787a78f204ade25fe84a2253da82a2d9,1fe84638ae0355f8056e7a0b16bcc400,7,0.5,false
79bbb8702d512f7bf10278591aaef837,1fe84638ae0355f8056e7a0b16bcc400,7,0.5,false
199d39e64e9ca3a29f2fa4ef455ebe57,c52d5e62977c4dd1c3f97da84bcd8ce3,7,0.5,false
4e04b6eb97780a09b7af11a443cb6208,964b56d4b7731e319000fbf7c9492ae0,7,0.5,false
51be11a61ea7acfd69c3841861a218d5,bd1da725d9bd0962f0056150e3ba7701,7,0.5,false
eaf2dad0e4d149b3ac5fd8b3bfd624e4,6c4adbe041c164151befc1f3410bc872,7,0.5,false
8ab71a7941d2208673b1409faf31c7de,dbdaafe50b65015664fb3551d710dd0f,7,0.5,false
dd52d1d49f252dd167344d70d0a2e5d4,6c4adbe041c164151befc1f3410bc872,7,0.5,false
78d4319237ee4898d8434c9bb5921a73,6b4202d5b1129787b21d0f22488ef791,7,0.5,false
e6a1512d7cae8b9a7c1d654bf4bc2d9f,dbdaafe50b65015664fb3551d710dd0f,7,0.5,false
dec3f90c3aae99f8675e8e43319dc790,1fe84638ae0355f8056e7a0b16bcc400,7,0.5,false
fc733b6f15498e1699048ec3fbed12a6,8b4babe6f647e3c9698919d775745bcd,7,0.1567012995,false
af40742748fe69ee4d680c134a1bd7bb,8b4babe6f647e3c9698919d775745bcd,7,0.1567012995,false
70645fc525364e4349671645a993d8cb,8b4babe6f647e3c9698919d775745bcd,7,0.1567012995,false
b4a8f208f56b8b6d9cf18e5b5b134415,8b4babe6f647e3c9698919d775745bcd,7,0.1567012995,false
c5de117755e1fb0b9fa1fd3e7acfa993,8b4babe6f647e3c9698919d775745bcd,7,0.1567012995,false
e9e1a213626490ae0ecc22105e73d462,8b4babe6f647e3c9698919d775745bcd,7,0.1567012995,false
1a30110ab6afbbb3e4abf8c0019ce82c,8b4babe6f647e3c9698919d775745bcd,7,0.1567012995,false
94de51a970b11b71d49671d1513ce5a7,8b4babe6f647e3c9698919d775745bcd,7,0.1567012995,false
d365e24f91664ef704859942d6304418,8b4babe6f647e3c9698919d775745bcd,7,0.1567012995,false
7f759a1fca85102d1499ee00e36bac0b,8b4babe6f647e3c9698919d775745bcd,7,0.1567012995,false
3ba467efe4e02003692440a81104d55e,8b4babe6f647e3c9698919d775745bcd,7,0.1567012995,false
7549a1dfb75cdf11c8d2ebce2475963b,8b4babe6f647e3c9698919d775745bcd,7,0.1567012995,false
f6543d43cc79245dd9aafb2c01a7d691,8b4babe6f647e3c9698919d775745bcd,7,0.1567012995,false
3bde320c3dbd2d9bfd43e15de87a275e,8b4babe6f647e3c9698919d775745bcd,7,0.1567012995,false
f55210e793a5433885d13bfbb426a677,8b4babe6f647e3c9698919d775745bcd,7,0.1567012995,false
972579b4c9d01aedc52d9b03a8518a97,8b4babe6f647e3c9698919d775745bcd,7,0.1567012995,false
7f88acd488e60de6381717beafe2ddd9,8b4babe6f647e3c9698919d775745bcd,7,0.1567012995,false
2ac09d630bbdee6bbd904af5bae41297,8b4babe6f647e3c9698919d775745bcd,7,0.1567012995,false
40de8a79ca7c6c9629db600fecd8e70a,8b4babe6f647e3c9698919d775745bcd,7,0.1567012995,false
efb7e5824e6c15275c90cc308abf6cb2,8b4babe6f647e3c9698919d775745bcd,7,0.1567012995,false
fa6eebe96e04035c209da46a4e0b3ed2,8b4babe6f647e3c9698919d775745bcd,7,0.1567012995,false
a65fe7a697e6bdb0cd23045b43e6081a,8b4babe6f647e3c9698919d775745bcd,7,0.1567012995,false
a5cb2d679d4910938ed55b51bd7ab750,8b4babe6f647e3c9698919d775745bcd,7,0.1567012995,false
5c9477e8cf139f0421215b370f46cc0c,8b4babe6f647e3c9698919d775745bcd,7,0.1567012995,false
ef61fe9f621653d6d518a855f4aa8866,8b4babe6f647e3c9698919d775745bcd,7,0.1567012995,false
8f4569a57acadb4e8f1ac8dc0b4460ea,8b4babe6f647e3c9698919d775745bcd,7,0.1567012995,false
5ee41463d8a3f080cb72a12151c08a75,8b4babe6f647e3c9698919d775745bcd,7,0.1567012995,false
6fca4ff7577cc9854d72341b8c150b6f,8b4babe6f647e3c9698919d775745bcd,7,0.1567012995,false
a4177b1c353f759cd109096c1f1496ed,8b4babe6f647e3c9698919d775745bcd,7,0.1567012995,false
4165c02b2db85dd2be850985cacc5654,8b4babe6f647e3c9698919d775745bcd,7,0.1567012995,false
4ba0a8629f60c6e3232e5a9b971838ad,a7cadeb11cdd89b39537e7ce61c3bd43,7,0.36,false
1e71c58802f1a3ecec8a6540c527edbf,d7bcc32bf5712fbfcf79a55126a05842,7,0.3011024687616,false
213956ad673df79b788d3fb4cbcf1de9,97e412eca959c699b65397f2fb207061,7,0.3011024687616,false
38c1b5a5de08fa350f4be2edbc1d178b,5cc890ef326b5bcc369f6715d4595f16,7,0.3011024687616,false
ca572fa50bd4422ee0cf6f70b5314f47,15c1af142a2b3c116aeffad5ce5e7dbc,7,0.3011024687616,false
cb5e93c32d882499ad664e1d208579ba,fb2e0602cbc8d6c700a0d1a8aeffee6b,7,0.3011024687616,false
6420a137bcc78e1d7bc65c14c26d6c2e,57c932f50d89f9f60a36554a0b14179f,7,0.3011024687616,false
fcf6d72bf63f891602866dcff78d1906,763c151afc10fbf743175107a8063303,7,0.3011024687616,false
f88aa10ead0153c3c9d05384d0447bb5,b26eae4a0f7e3fc2889b8542cfad4151,7,0.3011024687616,false
d6619ddfb98566fc93252b7a09727809,1f7be63374728e030c5fe31781358554,7,0.3011024687616,false
e466384d3cc4835420d47414e6f4e275,21a39bdf3cb49876a52d961e70b0f192,7,0.3011024687616,false
44761611015026ad297e49b4ac95033c,b1006f63c468b38f90466488f42ba68e,7,0.3011024687616,false
49ff5a63389500dd2f40d753828dfe2b,86809d0326ba3891c007de25a8571552,7,0.3011024687616,false
95f11e336d4ff2e8dfa6d7319f3d7851,c722602dbdaa70da73731cbaab57c3cc,7,0.3011024687616,false
3e9293ea1516e6314fc3aff4f5d6f5ef,c372b0f848ce54d0a7bad5ec17d5a9d5,7,0.3011024687616,false
df7e733118680e6247c14332a4d9ff60,110e4ebeda0a0399956728cb560cf5cf,7,0.3011024687616,false
4f8f7b7d843c1bceac5c2f2f7f9f9c2d,d289433fcc1fba7ce179620caed2f2ce,7,0.3011024687616,false
66a272691b29cfc8956f93884fffdf37,5637771491af1a9a049f3ec4687d9b49,7,0.3011024687616,false
96e3ecfdf729a4823958d8939d550a57,49fe86081e94475f5a7e2c3ea54038d3,7,0.3011024687616,false
215f1467c1c274a8255493b145477fae,9747bbb4dc721b193d0c5124367fb02a,7,0.3011024687616,false
77a3e3cbed433a9762b9034977c0ca1c,671feb28dbb502030f132fa42d2daf18,7,0.3011024687616,false
9b1b99eb317f0a481632461ca067c16f,ccd5db73d9c143f6bd68674ebb2e1bd9,7,0.3011024687616,false
5b880a701b9f71fbe87194641327dca7,c8c3525d70b99fecef7c9a9c2f4f9e77,7,0.3011024687616,false
6f721bfd3d88d32ca37589145fd65133,f6eccc2ef582b1085f886a7521f01bb2,7,0.3011024687616,false
440fec5bc2c595544f84bd6aab7782d2,c32f14ea0ae067a7cb98b9c1fd7ca90f,7,0.3011024687616,false
8b6feb89dfe589c9592fbfcada516f56,59c019bc711e2f61c80c7f36a8545e32,7,0.3011024687616,false
04115196e5cc32b1e7c84b9f6ab032fb,a8eb72fd06eb5677cb6cad7abbda43d3,7,0.3011024687616,false
dc6dada56020c4aa1117c9aa8595d2c9,b68bd1a0de4ab31963871b0eaabc06ac,7,0.3011024687616,false
18454d40867dc655c88eb30a5e7a69e0,7e9a958fa5afe3671994226a3c7caa0b,7,0.3011024687616,false
44d8c8765287389b2543202efa6979ab,9b4f51cbda88d8a9a9380818800be0a9,7,0.3011024687616,false
b4f4a358fa86b9322329b629b2c5bef5,2d4ee2226c1976e53bdd774ea947fa4f,7,0.3011024687616,false
aa0c459ae2b022a933e14659cd52bd3c,61ea7f06469bdfba21ff486c3dd7dbfa,7,0.3011024687616,false
cd82e0a0fc282645ef3983f15bc4a9cb,829accc7339fa7085aa89edb81566064,7,0.3011024687616,false
51ef72a3147f8f7a249aba16214bcba2,93be92c69ad7a6a8b36603b4aa28be5d,7,0.3011024687616,false
dc86a0a575328f2234395c61e259cc21,385e02018fb223385daf5cb7bf7d6381,7,0.3011024687616,false
b1e8938c0002540d99a40bdeb67f09e2,f871fd899c72c7143c89b8edec48dd4d,7,0.3011024687616,false
77707e07f0e5ec9e6c0eb7ed7427dd54,c39a06765ec524bf3d870da9ebe7d0b4,7,0.3011024687616,false
ca8ac43d73ea4df12acac5850e46a61c,aa0c0497463975931e67157498965d50,7,0.3011024687616,false
5a1e017c7e28d1d9150e29339fa4db3f,b78b4810584f830f6f9671be4b81afa3,7,0.3011024687616,false
a40711ce459146645b88fdfa3a683e34,cf8f18ba1e7b94c9ea7883e3aa878764,7,0.3011024687616,false
7df5c8d7f084e9a4a1252bb9f148b42c,ae4673479cc0c57f009e164527e6cee5,7,0.3011024687616,false
a7759a685bcc0cbf6bf302740156b04f,6f0efd58b0d8f8933b122f5862e2e1e0,7,0.3011024687616,false
ca1f92bd7f508ee51be658b158d50511,f517dbf8f2ae9ed595fb10f0a7481cef,7,0.3011024687616,false
53fd3937a00fc239f994904ba3d95673,f17bb6c1061c31f4768fdb7a19567674,7,0.3011024687616,false
050ef12e2f6e51187d6a81f07d45bbbf,b42c6db0fd820a965b2ad39820e124be,7,0.3011024687616,false
66d82967be54240c22a0d06a5ba6c3fe,330b379ed8e0c94d70059286df24019e,7,0.3011024687616,false
be38be4aadf0d57b4faa6e229b97443f,8e9ce22fd270b0c05a5c2d0145ca74a5,7,0.3011024687616,false
69f712b1b4920372c1a5f514ea9b5712,de21be4495265a820fd2292b2b6a4ea0,7,0.3011024687616,false
4bc8e37ed027feed8ceaf96e19612888,d89b7891a7594c671b4cc5d98d545db0,7,0.3011024687616,false
45c97c621a83c441c960af34bc25d887,1b0d2e5c948c8d3001c17d44c8a5e01c,7,0.3011024687616,false
b1e642c8660ca131461208312311843e,bca143003e76f1ce1ccba5c475998d8f,7,0.3011024687616,false
7830333090b336402b6a310c4b0adea9,06bb67a47d39067c7c4461fb57dbcd47,7,2.4,false
8192915e6bb82e75191bde68748777db,ea9c6683b12261bbafd45a4a8f35a081,7,0.15,false
1b9e1f9521b4f8373e8091394e43eb9c,c1bc42122d0cfb2cdc19730861b1c22a,7,1.2,false
53c620cc720d8beca622c393db4f6549,b19403f56ff83b25141918340b60ae0e,7,0.317514659,false
45b640fc90cb01037690f44a1b37ba39,34ef68be55fec3c3d03897ce8fcbe526,7,0.090718474,false
8c2ef1ccbd2f7c31081a31be2fd24945,39ef330c96bc55826bc19f3671ecabf8,7,0.090718474,false
9409ce676d40f8a889b963def6cd0b90,48d561ea2fd4a6d2739fd64cf04dd1f7,7,0.090718474,false
fbabc29925f24ea084933a1d9f659639,d2e62c63a85fc5372be4cf1d210ba468,7,0.181436948,false
ab83f214905b3758c8e7dca4ed1e8a7b,121f8d66aa9d0ef5a73c8304d2c591e5,7,0.181436948,false
19e78d6463a493a951f22fd0f576024f,67b97cbaa9f0df3f659a5e62ffa228c1,7,0.181436948,false
3783233ba68d9e0f5891fb919e386928,89db5ece31c69932e731940a2079f3a0,7,0.181436948,false
64f578cd08a3033294f0a53bfb62c7e3,927134168147f70890e1e03e14523c8a,7,0.181436948,false
51caaa77a2639518b34004ff41d604b9,ab0dd096498376b2de7b77afc96576e0,7,0.181436948,false
3a89928f2aa206e2d1701e44aff28db9,b996458860744a13337b81fd254dc66e,7,0.181436948,false
70ed3657ffaf1adfe8063700b12060fc,72b5c9b2d368dd99d1a9e74924b2806c,7,0.181436948,false
31673df9a21795c55beb77184214d48c,b8c928b93d3cca59f9d571b1ffbedb8d,7,0.181436948,false
29f8ea17478dfe1958c072bf5c651517,aa81e1134f75c4a71f513f5c28047709,7,0.181436948,false
5512f3f672ee783e069148c3a1342cfd,9d4e2366522c5cd58ee473b4758e63be,7,0.181436948,false
99e97a13ba8b7f69887486e41ed3aeeb,ac2251737d4e68043ef7d43de40e0473,7,0.181436948,false
645732f31960118b360c27332f8a2b3d,fd088d3f4c1690d1043fcf5dc4d43f20,7,0.362873896,false
e81eb480c867460c87e898e0522d779f,a2deafefbd20a93f8ece127aa76cfbc0,7,0.226796185,false
af87ddd49b1f4a3923aaab141b816d93,ef193aee8f87f06dffbb6a2cefed1a1f,7,0.226796185,false
fac22ee6a3a903bdd43ac4f2e0544e7f,a2deafefbd20a93f8ece127aa76cfbc0,7,0.226796185,false
38ca09939501566c4304229727f8a4da,a2deafefbd20a93f8ece127aa76cfbc0,7,0.226796185,false
e842805419676d8004b3b7c2d46ab5a7,e8ec3b21db41dc7a2a6b24966240ef4e,7,0.226796185,false
9fc22ab0ea12fbfa84fde5fd8529559e,7761f8509caaa1328b205c4a471b88d4,7,0.226796185,false
c50f76cc96cb199185a70b9041c96b8d,7761f8509caaa1328b205c4a471b88d4,7,0.226796185,false
261846682d5b3674c3eb383521bfa0f4,233b32187356a7613892dcb7ddc13660,7,0.226796185,false
adaadf67aa43ddf66a4634b52ab9b07b,321ad9161841988844de6ac6434e0d4f,7,0.226796185,false
a7b3549b4094999ab3cb1784ed90021f,1acf48cbf4f023066860e08074ef63d0,7,0.226796185,false
4209f767aec86043a94303b5fe04357c,7761f8509caaa1328b205c4a471b88d4,7,0.226796185,false
e4c2f66ce2b79ef0a06916b0ba4b5414,312985f8e040b2d0c16cc65f04024e1a,7,0.226796185,false
c27991eca76a30b309fa43af84800009,4922970b728ba6a0608f9a5b669bcd09,7,0.226796185,false
7e7d54b5746bad2158b009c2adc193c4,aaaf55731dc129418fe5143317b3f850,7,0.226796185,false
60e52373f3f925f5bd8af0c3b922abce,326741572c577e44bee0774d647eb824,7,0.226796185,false
651f05887be4537cc60146f50bca1e77,7761f8509caaa1328b205c4a471b88d4,7,0.226796185,false
50fe289d2a30b5be5e93153dca9e998a,05fc72fc82ee4be63e6ec927d65679b0,7,0.226796185,false
3bd9c20fc6b7fb03844e4edf0c124808,a2deafefbd20a93f8ece127aa76cfbc0,7,0.226796185,false
cb57bba067d073361990c99779099572,a2deafefbd20a93f8ece127aa76cfbc0,7,0.226796185,false
d1e9e16f5167f33cba05e8f355c2b2e0,6c8d6f3ccc807026f4060dde557a161c,7,0.226796185,false
6914deafb0e7488e8f0836af735c3c50,de1baac126d7a80f2828c53d5c55ff83,7,0.226796185,false
8d94905a42bbb35091c4e94ad8abe6e6,7daba331ef143a82848065698cdefc82,7,0.226796185,false
8d8f34f87c1283b3f77e6d716320d8b0,343ea6c9b0819c2c17af1088fbc397a8,7,0.226796185,false
3542b84e158693cbcb9d2b32f9067067,a2deafefbd20a93f8ece127aa76cfbc0,7,0.226796185,false
027107a8df64393d6fcee8f10a8e98d6,2a0173e3caf06266522942a6d8fa2f7d,7,0.226796185,false
d31e3d8294ed7fe6c5fa3bc12cf5a013,a2deafefbd20a93f8ece127aa76cfbc0,7,0.226796185,false
434447cb006068fff3350c38b57eb76a,7761f8509caaa1328b205c4a471b88d4,7,0.226796185,false
2918c0e1e84d6c2f91810707fb13e74f,fe687f39ff5ab41148b87771cf01a8ba,7,0.226796185,false
5ee3395d8b1a376addc970c873737e58,7761f8509caaa1328b205c4a471b88d4,7,0.226796185,false
493778bd683b12caf936db31ee6379c2,313cff30d008d33ec9223fd5f5628dbe,7,0.226796185,false
1cd9b203729b270e56468a9f94b26bf2,6c8d6f3ccc807026f4060dde557a161c,7,0.226796185,false
5024103e0001f23e3602a3ae3bb09d29,389789b8863550293395e50ae9f42a29,7,0.226796185,false
eb87081d6025fbc1d8ba3b23f2168f5d,7ea22757d74316d05cd340b5ae0873bc,7,0.226796185,false
a329fdb2fd6edf01f710b88654a579ec,326741572c577e44bee0774d647eb824,7,0.226796185,false
45979e276cc452bd3ad08c6d91b2faf5,a2deafefbd20a93f8ece127aa76cfbc0,7,0.226796185,false
2ccb1841b98612d851e7192d7936e411,3cf07e59b5dde0f91f67f72c8d353f32,7,0.226796185,false
e93f4ccf4ef4c3a63392ed412c8cdb66,6c8d6f3ccc807026f4060dde557a161c,7,0.226796185,false
19c1c99d8122cc9296abe1e75e52bd7c,7109a091361a75a6fc3efdc8c4f87c9e,7,0.226796185,false
6e264aae87083345052b5126a1624e1b,651a3961e3891e190966e48912a76f63,7,0.226796185,false
6bb43838c4693f6bfaab4e0927de15a1,326741572c577e44bee0774d647eb824,7,0.226796185,false
5fea11bd456cd100debde0656465c41c,d620328e6fcbfaab371489db874ff55d,7,0.226796185,false
2eecbf727a23b038aef24a78829494bf,37d7d3ac0f2178dd384b9b526806164b,7,0.226796185,false
68fd73d95773520243aa1a14daff4423,6c8d6f3ccc807026f4060dde557a161c,7,0.226796185,false
f9cb4bbe9b88008d6472649f17154d97,7761f8509caaa1328b205c4a471b88d4,7,0.226796185,false
400d1143cb2eaa6ec5735f841aaca60e,30e8944559460721ee4dd7f439f64893,7,0.226796185,false
1066aa9fdd800d71cf3a972918aa9ea1,bfe42700693c73832144dff41f44e5ca,7,0.226796185,false
eac2d10fedfbac21f40b60ce696cbbbe,82a263e20da722ea4f93dba83d410297,7,0.226796185,false
5d556b4b525c0a66de3a53adcbaf8dd5,5d3632a619b7bb275adfffd0e2cde9ef,7,0.226796185,false
720b1b19d6ada1d7a8dd12d1a5995460,a2deafefbd20a93f8ece127aa76cfbc0,7,0.226796185,false
e661801c3d7c8f187f6873f86f9420d4,b20170458b982529f15996e7f82e55d1,7,0.226796185,false
a627da39e2e1a1456f2a37789b62dc31,a2deafefbd20a93f8ece127aa76cfbc0,7,0.226796185,false
c99277d7f9a10745cff03f8c0c2995ec,04a9cbe1f440e726e10fcaaa59fe6c5a,7,0.226796185,false
340d7bafd60af5f72984aef6ace495cf,998694ee0680bfe350295068dfe7b203,7,0.226796185,false
07d83d9bcbecb46662af5c3d7d8e736f,26025d0a5b1fb2509add45f7afe59cc9,7,0.226796185,false
6a9944534d0d70454248f8f095fe54d2,7761f8509caaa1328b205c4a471b88d4,7,0.226796185,false
aadca9c2400f92d6781a2d9aaf3eeabe,aaed1b3224210ce1261ef29b7dd081ef,7,0.226796185,false
17b5b8e94955a3de04539de072ab3d92,2ecb334da3d9bbb12ec0b192ba1ed5fa,7,0.226796185,false
bdd92855c593d23326f698f973b0ecde,326741572c577e44bee0774d647eb824,7,0.226796185,false
f8c19a1077d498afb519748dd11637a6,be14e3055ea38b02b99ab19ee3152595,7,0.226796185,false
17b017ce6f380fb44c716c4bf4194a06,f0c28f8192d5168c72d7456d73e602b8,7,0.226796185,false
af8ac90a61e172c7d10c1e86a0a1700d,a2deafefbd20a93f8ece127aa76cfbc0,7,0.226796185,false
3e54b852deaf4210eca3b054b4691c3f,c24782799cba1514b7a88aedd01654c9,7,0.226796185,false
7161500ea45708cf60a649a3a4a7f608,326741572c577e44bee0774d647eb824,7,0.226796185,false
1067864e81213724fbc577443a8dbd7a,fe3b4b40d03f1fd5468ac4ddef054613,7,0.226796185,false
56f71665fa617ae7d2cda28ab7d37031,aab7d46de50e5568ef0c1a631128267a,7,0.226796185,false
6b289b5901fcee3ad8196b95afe0973c,326741572c577e44bee0774d647eb824,7,0.226796185,false
97cc1eb1f64c46351edb72d6b7dcfb3c,3dd83ccfd9e22e908928b4dc1eea4c84,7,0.226796185,false
6efc7f074c3f28fabdd7ed7a44bb4045,fab9fd636c9d14fdc35601bbf28b76e7,7,0.226796185,false
55d6a9230326517eec057c1e56da3621,6c8d6f3ccc807026f4060dde557a161c,7,0.226796185,false
7b0f056354d3a23bcddd9e216806fa00,fb322e58b1c1d37d6da55cc017717c17,7,0.226796185,false
2a7ed964f21cb95cdc56ca65e79e83fb,72dfe602f7a57b0aea2d82c7de5e4255,7,0.226796185,false
d35999a9e5a5d1153935d8277dd3c0d9,300abd6972ffa2d67d425506ed9304ba,7,0.226796185,false
33b3a345477c764e7f393ef7628d5562,6c8d6f3ccc807026f4060dde557a161c,7,0.226796185,false
402a66eba17e7425af538ff4b0ca5918,672bcf99f0ebbab707c879281e1fc012,7,0.226796185,false
3914f0f47c50d6c4f2c0de5384cec580,a2deafefbd20a93f8ece127aa76cfbc0,7,0.226796185,false
eb6f8d6e231631b22791188ac5026c9b,6c8d6f3ccc807026f4060dde557a161c,7,0.226796185,false
400340ab4a421e070bd25908e76924c9,7761f8509caaa1328b205c4a471b88d4,7,0.226796185,false
3e13c8408d876d4573e803f16f7684b4,1f5e3e35d34262ad3048c6b5975b6822,7,0.226796185,false
6b4a5da9f4f7720e7277d414ca6ac4b7,326741572c577e44bee0774d647eb824,7,0.226796185,false
c86880a37ed5afae36ce65915c9e6016,bdcb63994a3b3de6b80e07175b309dec,7,0.226796185,false
7412ada3763b13e6edb12649f97e6557,a2deafefbd20a93f8ece127aa76cfbc0,7,0.226796185,false
fc2ea20dd3aba58d30044a438e584618,8127b4b09fb989d63fe3de6e5d0c830f,7,0.226796185,false
83eb2c96e8da85120710d6d6b90dd72c,6cabb3a82aef3d857635dffb9ba3ae06,7,0.226796185,false
f8d94e14643098387a4a38237c0c8c34,2a693f77d7d4640a0354c4dfab5b80c6,7,0.226796185,false
45c76db218dc2d02c452491cb8c85fe9,7761f8509caaa1328b205c4a471b88d4,7,0.226796185,false
eb05b329da2745f075ab7acc92c887f3,b2d532063158a22945ac671ef23c4ef8,7,0.226796185,false
8ef6e1cda3b0bb0139fed1462a8a682a,6c8d6f3ccc807026f4060dde557a161c,7,0.226796185,false
eb00521522f5a4e1ed0f47404125f5b1,6c8d6f3ccc807026f4060dde557a161c,7,0.226796185,false
08e770cac4fc12e93bfd4249bd6b3c2e,9ea7c291dae03c6a58b4da03c3039fc4,7,0.226796185,false
a6e778eac76eaef7b784991683deb249,6c8d6f3ccc807026f4060dde557a161c,7,0.226796185,false
e65fe0489121212525633e1812358030,1efb45a32f0e4ac92f6cc560bf461e69,7,0.226796185,false
7a9bb9b24db9d8d3fa653f31ce63191e,1830f32060d7c82b84ab8d5a623e854a,7,0.226796185,false
f348e9c38cf15981ba8c3fa5da50bd53,64ad96e242051c21c6c344661aff44fc,7,0.226796185,false
8555aff7569b612982f299a4c42f9376,7761f8509caaa1328b205c4a471b88d4,7,0.226796185,false
31e96351e1b98791c6f6a55d3220112a,78daa26cd464f849403bf2c663093141,7,0.226796185,false
70f44a6157384962225eb00de0423157,de4360375cc6de86a9ada7e07815522a,7,0.226796185,false
371c15ec81cff8c050cda03e8fc66e12,7761f8509caaa1328b205c4a471b88d4,7,0.226796185,false
042de645ad7226b2f5f5b9a94be7545e,7761f8509caaa1328b205c4a471b88d4,7,0.226796185,false
80d08c51665862e3dae1472cea907194,4af07f8ff25317ed6c8cf7a2dd587059,7,0.226796185,false
b85f1703326847535cb4ab43f3e522a7,e49db2da804e031c0733241c8d763cfe,7,0.226796185,false
04e14726755f0ed3d1697a1bb54f9db6,348b34106152733c92955d6ded53ab64,7,0.226796185,false
2ccb695eaa40eb8aed1e123e61ebe7df,a2deafefbd20a93f8ece127aa76cfbc0,7,0.226796185,false
ed87277cdad950f25fa52500ab7eb97b,16f7775a931c0525ea7adb3ffc4a18e8,7,0.226796185,false
5f8165f43e4db919a4c569bae6260cb9,4f00a6086880c7f3ac19748c5095b0d4,7,0.226796185,false
1f6f001cb78bd11ca74c68d6ea1e5e6c,bf93cec020875aa3a1c11f360bebe9d4,7,0.226796185,false
327a457c9a9eee4f71329b4533968285,6c8d6f3ccc807026f4060dde557a161c,7,0.226796185,false
8fdaac167c5b9c6bdf91e91f9eeebb37,3e78e6cde882d45d00ee2c27ba2055e8,7,0.226796185,false
a73405becf7b33d9466d89c74354034d,c07b56283f196b23012dc585d0a7d65a,7,0.226796185,false
9241410e7f6ad955c9d9f24f6d0f4510,a2deafefbd20a93f8ece127aa76cfbc0,7,0.226796185,false
d6529695774ddff887be912673fee5e6,c48f8e50c74af8b204db05d313bcd9ef,7,0.226796185,false
5f32142b6322bb4de9f04cff80bda030,7e62659f1c8f7efe04693d67c4cfee3a,7,0.226796185,false
fb0063e5a69645bbb768aba3be868b25,7761f8509caaa1328b205c4a471b88d4,7,0.226796185,false
ce87fcda94af5fafa1a41c2039b0383b,01349977f9c2e1def3ebb1ebc5c3ca3e,7,0.226796185,false
5ce3756cb7be3bdecbff432212b511a2,6b2b23bd2907a41879e1fbf568c227cc,7,0.226796185,false
46ad7eb34fd5a6237f1d3d21543164a9,504292c353ebfcc5c67d764f8363fce1,7,0.226796185,false
925876e9315fd17ce8fa3fb805ba3a13,d98868e42cd2eeb983829c43377e0c03,7,0.226796185,false
1b572a67449218b16591cd2680981720,b3759380578317070d29873b9f4b5412,7,0.226796185,false
128fdcc84de641011e132ac5b679cee5,734a6df8b48bd395a7d39768c21b3308,7,0.226796185,false
4281d7716caeb843669f95c4b8204e7e,85b762baf5c72c3a662ca30d62d7fbea,7,0.226796185,false
f89de9ad2ab8813fd4f0846108b556f3,e8f2470bd840fd3b766f8e886e2f91c4,7,0.226796185,false
ecf148dd75d9edcf72b5bc8b83e96c4f,a42f9896a8881c4fb1087d8366bdf79c,7,0.226796185,false
b29cdd540aae02a7b6f9eb4fa613735d,7761f8509caaa1328b205c4a471b88d4,7,0.226796185,false
bfabd1a3d158ddeaf23402dc1d83d91a,ea0d8e81a9eff48ff35f5bbab8a65d7b,7,0.226796185,false
cb529845d107141bb2a28157bda6905f,6c8d6f3ccc807026f4060dde557a161c,7,0.226796185,false
adeb952c7344ab944cfc062554ed7290,d4db2da63fa056b05ce37864ef8957c4,7,0.226796185,false
534ca29b2ef14e18f742ba3b6353ee71,6c8d6f3ccc807026f4060dde557a161c,7,0.226796185,false
ca68cd5a25a3e9f37a7e35890429d908,326741572c577e44bee0774d647eb824,7,0.226796185,false
df67945fd114fbb8509c82f19aa0dfc4,b5c53079434ef3d28394772a3f22bfcb,7,0.226796185,false
07a09763d38e5542eaabc65a8e2e3ffd,7e8cc5065e040b82477d5161674f4acf,7,0.226796185,false
297bd4708001b4d1f8cd1f2a959eddda,081f59b5deb09cd01605555cea48c0a2,7,0.226796185,false
220e19974d7c3cb28ce483532aabc5ae,1507c634546f5dd68597539f62d5f4ba,7,0.226796185,false
f4d2790cde4804d51fbe3426a7845a8b,a2deafefbd20a93f8ece127aa76cfbc0,7,0.226796185,false
8bcb1f0016b7235343b60ea6712858f7,986f5fa3731d38b6737bec740bc4bacd,7,0.226796185,false
6c67e6611ebe570bb4b5749afccb94c3,1ccfff351eea87b677e6eda3ea438c71,7,0.226796185,false
c644fc1e4071e96f5c4df8a5dd14bcfe,33308fbdf2bd06280bfe0cab6f407b8d,7,0.226796185,false
9dff64c4b1507c3040933aa1372c629b,a2deafefbd20a93f8ece127aa76cfbc0,7,0.226796185,false
d69d87f9616a8a5d165d4436ec6dedb3,1fd9d6835fb004defbea25263120c64d,7,0.226796185,false
636802f7ae975234e58d1eeef3c7a6cf,98a0916959dfc857be24fc1d6218381b,7,0.226796185,false
7eb915462b56ab3fcae34d7eb83db506,326741572c577e44bee0774d647eb824,7,0.226796185,false
8d0ace99167e040968f4ffa07d170fae,5a9f1b8343cabc09985ef11a41c891c0,7,0.226796185,false
e94d6f717d6769143d5754768dec51a2,4e4fcd05b3d2589c21a6be97d57b8bd7,7,0.226796185,false
283d827cbb7de45f3f5d6552a515016c,6c8d6f3ccc807026f4060dde557a161c,7,0.226796185,false
c39b31e90bdfd0e390c739fa908775c0,f9d485a4e981809aec88599b3b03d4df,7,0.226796185,false
0cbc71498c8f75110ba93002767b396e,ebb50088b51af424243c68d0ca4689e4,7,0.226796185,false
abdc9acfa9507cda27f9f1a8877000b6,559b3378f7581d68178cd2f7b305675f,7,0.226796185,false
1d106f8482510bde0a8d2aeec9edcb4d,326741572c577e44bee0774d647eb824,7,0.226796185,false
e401e7265a27f5b68d2ab4cbf9c3e161,2f041b40a914893886bcc82f6805c810,7,0.226796185,false
5c00f09109ccb49f9e6c23de9279e929,7ddffd08501b9d423852c8b24258deac,7,0.226796185,false
9a27ab1b951887161e9791b405411131,c798ef47389045f06f6bd881b913242e,7,0.226796185,false
6dbb701a21b67a50b5057cc74c8d9231,337645f5ac6876da35c7283da0ef19e4,7,0.226796185,false
529473d41f024cc79ebe532327337e92,8dec594c0709cdb481035dea37b3c48a,7,0.226796185,false
aef35f7f17e93374d192b929d8791950,326741572c577e44bee0774d647eb824,7,0.226796185,false
cbc7f13aee1eb6f75437a67aabf2d24e,f0696398cda4fe2bece17ab6b7f0df40,7,0.226796185,false
9f81c92bcff8f4dc1bcbfd06082d84d3,ff580c2e072a6b76dd75e24627223a2f,7,0.226796185,false
5a74976338ff43f9b7537a57fa4dd6ad,7d65afaa2fd87462435c527b78cd64ea,7,0.226796185,false
f87ab70c074b4097f50c186efb3ed061,9fc8e5686288f75b2b4305ce715ffb32,7,0.226796185,false
28cf7bb25efc83fdedb11218f96ec994,aa0dc3ade3a1db1e0ebd9b75bcc2624d,7,0.226796185,false
8c9fb91cd9c539b587c4e53889b1b11c,027a6285264eae7dd09a3e893b3680a3,7,0.226796185,false
87dce90585e7ec4c0f34229bcc21d904,c04c779ecd49e781cd034a9953cc765f,7,0.226796185,false
94916114c542fb518526e83b7eb10b90,142db5a50308555dbbb271f714b9157a,7,0.226796185,false
542a094193d06d7336b063652497f346,918ed4c92cf46290f04598eb9004244a,7,0.226796185,false
eb61d0764d09b194765f9433b9b6477c,6c8d6f3ccc807026f4060dde557a161c,7,0.226796185,false
cb93a4cfd9dc1748d88e3d4b8639e451,29a4848ed82f89b497815d8b88fc3d48,7,0.226796185,false
a79dabb55d4000bcd970b903ac2f31dd,a2deafefbd20a93f8ece127aa76cfbc0,7,0.226796185,false
62d5970840775deeb80b1504d34fcc17,8aa3ca2c5ba1df08e3b197e40e5ecaad,7,0.226796185,false
876517ddb0c2fcb86f2b42fe61b446dd,277dacfff68f118c3534f40e39fec5e0,7,0.226796185,false
dce0ff1e1b0f07ba330488c1b14dd6de,c94cab9c1949a6c9198e1e25282c546f,7,0.226796185,false
0a61dae008cb0a322f41733c56f56c9f,e001b8eea30901dfb720ff17d8daa0e9,7,0.226796185,false
9f5c0c5084f3f8f4677b747a34b76ceb,6c8d6f3ccc807026f4060dde557a161c,7,0.226796185,false
137e7aaef62dd1abb174f8ec88214b2f,7761f8509caaa1328b205c4a471b88d4,7,0.226796185,false
9d91336a78ecc5ddea0402109eb6eeae,a2deafefbd20a93f8ece127aa76cfbc0,7,0.226796185,false
677d2293291c5ddb06593968ba20ebb8,41fc8b651567cdb2d404ba6282c3ca6e,7,0.226796185,false
17b35ab95b55e3f99758efc241f95675,c74ba29a56a974e52198a56beee5ac72,7,0.226796185,false
5786e05f4c169ff989107a22e808a4bc,5bcebe3e5e50422f969414da51b15856,7,0.226796185,false
ed3af065db97debca8054d2dd8276ea2,326741572c577e44bee0774d647eb824,7,0.226796185,false
6ede24b7121871ecfcb3ee792ce7ebb9,bb9fe4c7bc4bf1afd108309ab2ad1fb1,7,0.226796185,false
7857e42d25f5d5a39b46b391c45d0ac7,3667a7aca6f06d457c3b62e973c80afe,7,0.226796185,false
0edbd49cefe5a703a7a45518a2972dd4,210aaf6762ddd90d02ca7d48baa6c894,7,0.226796185,false
8089335000aa9eca62d328614d1da414,7761f8509caaa1328b205c4a471b88d4,7,0.226796185,false
9b9f5165ac49214fbc8691441652d268,5fbbdfbd0eaf1672da5bd93ee9760824,7,0.226796185,false
d1f0f26514d528b6e73a9e63bdd10491,326741572c577e44bee0774d647eb824,7,0.226796185,false
c2ee3955a98da9cba418df92fbb436b9,7761f8509caaa1328b205c4a471b88d4,7,0.226796185,false
dd6adfd697c2243293dc5b78392a30f3,7761f8509caaa1328b205c4a471b88d4,7,0.226796185,false
fe9d49d9d83a73f9ef3b6f7aab7a47e7,06f79f0edea812fc6b57d1297a2b7abd,7,0.226796185,false
d19d93e9f4ff2602458db2a99452786c,9a6b52b38cb20366b0823e0cbada6efe,7,0.226796185,false
1f735840cec09857276611cffc102f9b,f841406f1078581eb23c0fc2ea01b614,7,0.226796185,false
d6a8ed42439033dc7fd2e949eeee2e9d,439745fb77f2340cd9cdcd1b9d8fd064,7,0.226796185,false
d035028548ed00c0039947a6321945eb,2ee939735d9eb50a8041f560adc93ecf,7,0.226796185,false
b11cbfaeccb6f6acef081d1a394d9233,7761f8509caaa1328b205c4a471b88d4,7,0.226796185,false
2b201be9ac1910ed085601ebae7836bc,326741572c577e44bee0774d647eb824,7,0.226796185,false
db8ea57295e9b8e5afcb8c200183182c,6c8d6f3ccc807026f4060dde557a161c,7,0.226796185,false
9ae48b42337390f36c06ba4161996a51,7761f8509caaa1328b205c4a471b88d4,7,0.226796185,false
6e13ed6478af5e806f07ede441a4fc96,47876a2be5bb3beeb76fa4d6f046445b,7,0.226796185,false
d86addbe634095685d6366dbfc7ea7a9,a7edfd635907888570b51842fd3b97fb,7,0.226796185,false
6a3ea2ce86042c7f54b8cfd2d68ac79c,6c8d6f3ccc807026f4060dde557a161c,7,0.226796185,false
23ebc4bb27c457cc28856b40ff9ae49f,729029091537ac461e802e337d3f2d9f,7,0.226796185,false
4b9a67ebcf7b30545b1b971caf046346,0ab96d04dae8b53413f3d1ffeb6cd967,7,0.226796185,false
ac30e5746450430e7b1e3d08ea200a8e,bdc43195c3fd61aa0f2b5c25f3932e32,7,0.226796185,false
3a7ecdcb862704d7e13961b171ab08ff,76e32534f74a650eb7f8796eff749205,7,0.226796185,false
42b56df7a2849f5e01b061c35cfd3573,a2deafefbd20a93f8ece127aa76cfbc0,7,0.226796185,false
0c5ca2675aa5aff70ad0101af5e5fe80,ed2e092242f658946de19990824ba1d9,7,0.226796185,false
d2894116795f80ae0ccecf42a52f457e,18b781496bd32a7afc1c0f5ec6becca6,7,0.226796185,false
d5f2be6a931591ed12654b9b9223d814,71874f50247308b50bed361d9e79f918,7,0.226796185,false
19efe4ab694be62a80c28d1ce62b7608,326741572c577e44bee0774d647eb824,7,0.226796185,false
ca60690fa704e9234df42cd508e7b848,326741572c577e44bee0774d647eb824,7,0.226796185,false
613a00f891cf227b9bf053d0ca80ef49,c59bb9b274186db3cff119fb1140fde4,7,0.226796185,false
5c2b5886e2b8adebd36ca98f5bbc64a3,1b1faad57306e0b921aa8497b6f4b217,7,0.226796185,false
1782fae53b0f63dfd621093e872a385e,7761f8509caaa1328b205c4a471b88d4,7,0.226796185,false
fbc9921951a36970e1c2f2bcff4d8f0e,7761f8509caaa1328b205c4a471b88d4,7,0.226796185,false
49d211c48b254cb44d68c6baf3d0cb47,6c8d6f3ccc807026f4060dde557a161c,7,0.226796185,false
b26c75f93d69600c0775cc61e7c77953,7761f8509caaa1328b205c4a471b88d4,7,0.226796185,false
251750bced8aa2a8170cbce795a04b50,88f99906ea60aa3f2ed86cd7d48c9a7e,7,0.226796185,false
3556669237785628cd039aedcaf0031b,aaa2b49a0ce343f1730eb144d6f6686e,7,0.226796185,false
ed54666ec296539091f93393482fb466,7761f8509caaa1328b205c4a471b88d4,7,0.226796185,false
e695ec782cf159af551a141487a5b2fc,6c8d6f3ccc807026f4060dde557a161c,7,0.226796185,false
3467720648d7dc9ce34a4af3262975d5,db70aab7fc07d31c057ef47cc4f9e78b,7,0.226796185,false
6280557cb32e48560b3b8565db6e04e5,83b7fe3fc2f968baa6c596cd466def1e,7,0.226796185,false
1732fcd98bc70a89b818dbae3454490e,fbe8931caaacbaad52ac80dd0ff9eea7,7,0.226796185,false
e85c0953d6b2c8b74d6992e849b4a798,a2deafefbd20a93f8ece127aa76cfbc0,7,0.226796185,false
beb6798f8736582714868396f3a68192,397a827ef4b05ceae684d85e2a790023,7,0.226796185,false
7e64648488bd7332fe3aaf604c8bee03,a2deafefbd20a93f8ece127aa76cfbc0,7,0.226796185,false
011193a484e6fbd5e3dc7f821e4c15a5,22f6da6ff64de4761b987e26031f3ca2,7,0.226796185,false
964a57ecdd9ef4f4d50e2b709612c5fa,f2dcac5b32cff74f8f1cd888dc1ba646,7,0.226796185,false
6287d75ebc6824b333432605ad979137,326741572c577e44bee0774d647eb824,7,0.226796185,false
ddcb8ab1929be9fdb3938fe4456c625c,020b310d045ee7fa56ffc1c91b5d9254,7,0.226796185,false
530a069bfeb3863c8cfcd0206c44eed8,a2deafefbd20a93f8ece127aa76cfbc0,7,0.226796185,false
238b895ec5e978d10cf306227dcc6dad,40b42859f3f8d58f99694c2258a09f0f,7,0.226796185,false
bc0ce476ecf4260ae5d8bc48113b2921,c100854b6aa3502785039a07fb1fb56a,7,0.226796185,false