status_record_id,status_message_id,easyship_shipment_id,created_at
09c26da5c4ba1d0c783e7546b3041c2d,10,4b9aa6ebe2a0a5166f469b5872b13a05,2020-05-13T16:01:12Z
6bd298bc2b4d26007b00981678643433,10,9e925798226ea3d013eb1c83290f4dda,2021-03-10T19:01:36Z
921d488ba56b37d2cba22fdee8f0dc8f,10,9c65bd4709c7af8787ef8c48159a9722,2021-01-22T20:49:00Z
2e3d43af33ad341d569809f0ea6d3389,10,25b4148b7ab0f50a5277a833c7c0f3b2,2020-04-17T19:14:12Z
5b7af4a2b54a3206f4ea04c95a7ae51b,10,9ad91c544a4ea706711ee81b140d3653,2021-03-27T04:04:00Z
4c1594b9bba04006d28f31879f3d7a44,10,3f6642324f6649361af6205732d0c13a,2020-12-21T21:06:08Z
14714c7f9fe7fe61305cc708b0b2aa3b,10,d9065d060120701c649e4c4b95b2faf2,2020-06-30T17:32:20Z
f95379c5e5d33703c4d5b9ba3b21a1cb,10,db397f3f837e6467a1df0e1bae59176d,2020-09-09T22:15:36Z
1916e2aca62f6939d7d72730fff121f6,10,1dc85ae0afff844d9453d9f18bbde0d7,2021-04-28T20:26:20Z
e7a107c392c8157c60d7a8cb1690a021,10,fe12a519b2899866b8e3fd21913dd93b,2020-04-08T04:37:00Z
9b88c850957b5bdc3704e3f6946b6b6f,10,de0a8b02dc6bb6025d4ed38b620be207,2020-07-13T06:51:40Z
34aa596ac8ae6d4cd8baf44a37d084c9,10,6fbfdcb0cce10396d5c1165dc5e6b61c,2020-07-13T06:51:40Z
257bf645168a0ce10269f41ca71461e6,10,eda81798e6468157c6fd56d589efb169,2020-08-20T20:09:32Z
f72e542dea90c2107680950c279fdbfa,10,f668acc6d55e8e2e7f53356d2510ee83,2020-11-21T00:41:40Z
ec509384bea09bb385915ceaea56719a,10,ad76c6f5f42103e98f5fccc75d7b84f3,2020-04-01T20:35:52Z
f928a40d36bd02131239beaaf8ff2264,10,fc9d725c755b0ae4719d864c231c4012,2021-06-08T20:46:32Z
294231c5fceb96b62058f8efddf132aa,10,db23b00921ab43a38a1cf3cd3ecd730d,2021-02-05T20:35:24Z
b94cdc0ea4101ab3fb4a1543e6d3a9e2,10,b78b4810584f830f6f9671be4b81afa3,2020-12-18T19:03:12Z
dee53cfa65442f7cc0cf50dba502943c,10,f4ffb620c995487bb7399bdc57debffd,2020-09-22T20:56:16Z
d1afe9fa5cdf3fb4373b9e9617851ce9,10,aff7c424449c29d768123ea2c6215006,2020-10-10T04:59:08Z
b431e42ef17e9ef7c32e51e8bd17c3bd,10,46dc0dc6b072a1f1816f3c1ca311a5dc,2021-03-03T19:33:20Z
a84ea7f460e684906bb91029794b4da0,10,5a9f1b8343cabc09985ef11a41c891c0,2020-12-31T18:23:40Z
d10f609ad0a4eedbbe993c0560390fa1,10,48d561ea2fd4a6d2739fd64cf04dd1f7,2020-12-16T19:12:16Z
58ae5850472c7371aa709c8bd1886661,10,8f381142f29bcf1ee23c3dcb6935011f,2020-07-20T09:50:44Z
142da62561d484aa3d09e63e155cd4d0,10,05d55b086fc0c08ccc861bb20dd669b9,2020-10-10T04:59:12Z
0b87e73c689149fcfd77bb46a5085d3d,10,5cc890ef326b5bcc369f6715d4595f16,2021-02-17T20:08:00Z
916ce25cad3c54e846394079f24a3fcd,10,9bc6d528bccefe8bebbb4a35ef1d4785,2020-07-13T06:51:48Z
1dddd50976d0375e80aa2bc19bafa883,10,29015f661bde2b04bab86cc9c676b517,2020-07-13T06:51:48Z
7fd475e3d7212a1d95d992e13ff5ec7e,10,5582b525c624704f15f1f5c374187f01,2020-07-13T06:51:48Z
e41fd53356ba90009fd16a52583aceeb,10,f622a15a4ebb726adc1b41acbf940527,2020-07-13T06:51:48Z
9f0933c4d911863709f01ee20f9c5bab,10,8af30ba0f2e79d4611eb2f96696eb574,2020-04-29T16:20:56Z
2e86ccc0746b5f2c4731a57cc10954c8,10,1f939ae834b7aa95d33d6b81d519f639,2020-04-29T16:20:56Z
8d5ba269b79ae75ada2fbdd581f9eacb,10,3e0cfb1a531a56bfdf65a6f67bf52693,2020-06-30T05:30:04Z
39a840469bbc1f6c70f12f3464897d45,10,caab7ec590a6f740684b791f1ce46e32,2020-07-15T12:24:12Z
b6ec6410ce98d5b255d6a94c87edecfe,10,e4ed4645aa3dfbd64417f632fe2d0451,2020-07-15T12:24:12Z
c5fdb29143af2fe826197a34ae76a8c4,10,1612aa89607a67c2c1fbac1d39e3427a,2020-03-16T08:39:16Z
4f20e5cd1102cffe0eaa09bb83079af2,10,bca143003e76f1ce1ccba5c475998d8f,2021-02-16T20:24:00Z
5c86af401d5e73846bcc8ebc766c43d1,10,bff7697a4bb06448465ebc787bba231e,2020-06-09T04:29:16Z
e6ad957901b18af105dc759291f7576b,10,3c5e211def4d9ade38f281a3782bf8dd,2020-06-09T04:29:16Z
b2131d0a09767846d261de6694dba5f9,10,b40661ca2bc9f5d09c798c05c1d3f75c,2020-10-30T14:33:00Z
0eaac28d4e62ee922cc63f8e2dd1a40e,10,7e453c08a02054116fb1f377aea57a2c,2020-07-24T06:00:32Z
91efdf4a1dc96ca41dbdb116a71956fc,10,12ca9d416315c9b4c05b4f422da6a401,2020-11-09T20:30:00Z
b1d37d1de4f79efe65e7d1aa316b5620,10,3e3bca83cc7a4a859b0e7b887399345d,2020-12-20T15:50:32Z
75b3f62daf7ac70272cd32b0800dcbb7,10,29053da2064f3e7806239b06f924a717,2021-07-13T19:38:20Z
6f2d48adb4c59fe8104c6007c6fa41bb,10,f841406f1078581eb23c0fc2ea01b614,2021-01-15T00:06:40Z
bf56d04a12901c75965efb8ace3a575c,10,35a8c9799fa6a0892ab8314295366477,2021-05-21T20:14:08Z
7ebfdef7797be2aa8c8eaeeff9382940,10,b22d094b708c28885db5362a20b08227,2021-01-04T16:21:36Z
59fbd58f31eff559905490e52e8de86e,10,a8eb72fd06eb5677cb6cad7abbda43d3,2020-12-31T18:33:24Z
17c5254837818a92d9a40d7c8ee4917e,10,353768e925a7f85de3eb4f9b20e4b53b,2020-06-22T12:38:48Z
0dbfe993b7e5159b9055b6fc6b62be05,10,0d3aecf500857f71b7b594cbb2ef1cc8,2020-06-08T05:19:20Z
e3c68946881e0a4bced68097b8e2badb,10,35828c45e2cfa1a00d7c726fe11f40f5,2020-06-21T12:18:40Z
679eb97cd034b46fffecfdb0f506ccb9,10,6de7328f67b41720a76859f55c4385c9,2020-07-16T07:05:04Z
d256af807336e77bcbccdc40dd3886fd,10,46cce1d2f5a281f98eef9e5b7807ebd2,2020-07-13T12:04:56Z
5f1cd21fce315f5b915b7c734f27836d,10,4dcd6b6e227375268ea40e279cb4cd66,2021-04-02T18:38:12Z
a2bd0129526aad117f2d4cc2797c1444,10,3ccf5d380ec5940a73e82dccf2150d9c,2021-06-08T17:14:32Z
5fd0bcce05f57c6a292baf4a464b52cd,10,21e371430364cfa12b9ede08219f9f10,2020-06-22T12:38:52Z
90e71d185cf17a69e1a80e691c0e883e,10,fbe8126d2da1c969600fe98247603046,2020-07-16T06:27:12Z
fc800d69b7c6e5f7ceef5e4931c2dcb7,10,de21be4495265a820fd2292b2b6a4ea0,2021-02-16T20:24:12Z
bac5ea5ac9288231875fbe1289ffe8ac,10,25ed96fa1803fc95aa6a9950e829db79,2020-10-06T18:09:20Z
bcef96045ee800ecdf59a19f0abb948b,10,a7cadeb11cdd89b39537e7ce61c3bd43,2020-07-29T10:13:08Z
b4861ee42a7623e8cbf0a870bd9a336b,10,7f0485937d8efc65132dae69af8acbc7,2021-03-12T18:53:12Z
0655f4b703c2bdf78b5ff1957bfc82c4,10,918bd489f0d1cb30d153ce689df33c07,2021-03-12T18:53:12Z
1d96427eb2e25770ddebf5450831ee7f,10,e69265b7ccf55314c3cd273fa9d807aa,2020-12-23T23:48:20Z
d8705260ce7bc851b26ddddb2e8924da,10,75a84b9e3ccaf0183760bf9bf3627f9f,2020-09-24T18:06:32Z
7556c4a5bff6870af9e806ca48b636f9,10,b29783763085b18f7a1aa6992da7289a,2020-09-24T18:06:32Z
ac3ac387f0df6d1d5ec680f11dc95fee,10,46be85c6b25c29491eda1ba68d8f7a5b,2020-07-16T07:46:56Z
ae938d945a11e2acbf80eff60792b830,10,d1fb174b0bc8ebd5cbf31299c17106c0,2020-11-19T17:34:20Z
c53365575ee9eb94faa0f35e2b3f0a15,10,c1bc4644fdafcafd3b99567eed44e355,2021-06-17T23:57:52Z
f6e4b190eedc0f260b2c67e9df71ccdd,10,fba210d414e5f866b13a397cf7d63395,2020-06-29T10:28:52Z
09d93f5a625f63ca387670701dc7faad,10,4cbeeabe65a3d4da4427b81f6f00ff20,2020-12-16T19:05:08Z
50c01e70dd720c1397aab536be55fa63,10,5ec6fdd5de0306780cdc6ab75f7d21ef,2021-06-15T19:11:04Z
407f9453068e08a01d3b0f58e42f0a2a,10,456da5aabe1d2cbbeb21d35b2cb274d7,2021-05-06T19:31:56Z
e0f68d9609c81eae737a3ec60a748479,10,2a7783012a0c9de4530c30bba41ecac9,2021-05-06T19:31:56Z
8ea2349fb81e7d6883c5599ae75684b2,10,99854d99e82119cd13061cd128e14d29,2020-06-09T03:59:12Z
c17f117ff441abce67f5f532f9d57cef,10,cf9602fc7f69578677b7b31b83c6db39,2020-03-26T07:09:04Z
ac27d8800ce6cae04ef0930b48c290da,10,a0d8cc5ced2b679fb36d4ea25360bdc5,2020-07-16T05:47:32Z
137152fe4fb58c5fdf6f7327e6da0083,10,120fc3f29305ad199938ba48c7f41cb5,2020-06-09T04:44:44Z
a6669f2fe5571f7999dc3bac35abf301,10,ebb98a87134e7f1672107c7eebbe7670,2021-04-24T17:42:56Z
01c9fcdfd686b16c5af8420cb38f7c26,10,8dec594c0709cdb481035dea37b3c48a,2021-02-16T20:18:40Z
436c6c4a29e37468cd263fddc334454c,10,dc7e1f3e52d3e208e2e08df31b08bba7,2021-02-26T18:48:08Z
1bccc1a717dacc6e5813bede37e518a2,10,7fd9976f45371fd7344100353baa24bf,2021-02-26T18:48:08Z
097bcafeb1fff676973d6966f9b1f8d5,10,01349977f9c2e1def3ebb1ebc5c3ca3e,2020-12-30T19:35:04Z
d4ea23ec97a96001f77461bd5bb9b626,10,439745fb77f2340cd9cdcd1b9d8fd064,2020-12-30T19:35:04Z
51d95b84d763c6ead0aeaf333b1169e5,10,f66ccbaf9dd872cc94cee05b78da08cc,2020-06-19T08:25:12Z
f5bb2a638fae705db588332e69496a85,10,cfda7500cd98061f49a5731304e65e9e,2020-10-06T19:14:00Z
eed9718e1519efd3765beecbc22e85ac,10,4b6e1c57ae135b2f3d4bee99b1097999,2020-06-30T17:48:12Z
2d50a16a1634f79029b91878cff879f2,10,5c6bfae847491a4162e20da1cd3d3287,2020-07-22T08:58:40Z
ec3a769f1b1ebd0f2c822b58c3e70288,10,26c407b223098eddbedfb7b65d49029c,2020-11-15T02:55:32Z
d0e299cc2a2db4436da0bc62af20a831,10,de1f8f169699fb04463fedd980054d4e,2020-08-02T20:40:04Z
a31dde2687841c63b7e97981712b29c1,10,45ea3d5ab34b141835db253b0624d7fb,2020-07-21T11:33:00Z
c21fe147fd1bb8176b2db7a5639a05e8,10,f2923fb8a6c32e7e407b579b79150b4b,2020-07-21T11:33:00Z
c621b4e46a283fa970896c15b72fe66a,10,4a2a4827e82011ad515a7eb6238d46d8,2020-06-05T06:33:52Z
d9a2ab4ca00f221651ca92e11a01bc28,10,ccd5db73d9c143f6bd68674ebb2e1bd9,2021-02-10T20:38:12Z
4f688807041fef5237fa5965c92fc2f1,10,73083ab58bbb42f424b7e7b7785b6616,2020-07-30T07:25:48Z
8b330def6b10adeb6ee221eb57877fe6,10,3a0455be279b312cfc6a42e0f42cd968,2020-07-20T22:09:00Z
6598e9c3b6e755cfc0d0f083b00bfecc,10,7b3e1f48c0ab14a598bed73e8a60540d,2020-07-23T22:14:28Z
2f724e9fc302d262ef5287be57869935,10,77e2513473b0c448b31c734201f13073,2020-07-23T22:14:28Z
b1892c798e41e2a90c63726cd652e63c,10,55b0a0e83a7389d1a10c51ee6c7e22c8,2020-07-23T22:14:28Z
5af38c893d0317e430523e651285561f,10,5106cea3a42ff527de8c9aca24075fca,2020-07-23T22:14:28Z
e8520f9bc2e7f459c933993e0b217807,10,d0d9c211237285084b58b7c3869767d4,2020-07-23T22:14:28Z
50ed08ee2baafa16f36ae73e685f4a45,10,b46e143a397fa9c3d495ac75b68476ab,2020-07-23T22:14:28Z
6ebfc4d47e969f489eb20ac726d55bc6,10,447fd893d8669508a101bd65a59eb076,2020-10-09T21:05:44Z
a6ce7a8c2365cbf52b5231bfc6884dd7,10,4aa228be2643be120413c66710421315,2021-05-05T19:13:52Z
730342fa54787c3b6fa737b02e42c34a,10,8a28f116069138859f338dc0c3d70519,2021-05-05T19:13:52Z
bc899f7df56465b20e928e3abe464cd7,10,859caa59c4c4e1b7e1d719d2e7223f95,2020-06-19T13:57:12Z
a47a9a21b820e694b8f836ea14f19fc9,10,a3fb50ec5cb308ed2afc567bd7fd56d1,2020-07-21T23:54:32Z
99d92eb8814df5719b912a79d1ee81f2,10,794b3227134b6aac571876d3c432d753,2020-07-21T23:54:32Z
af8cf4471c00986708b9d2061ca9ba43,10,343bcd5e450e4f26b5e47f1e4f7bbfe5,2020-07-21T23:54:32Z
b489b38fd73d0887394a6b4d84217b8e,10,9b4f51cbda88d8a9a9380818800be0a9,2020-12-31T21:18:48Z
a7677937bcb66c4963ad007b83cebfb0,10,0573e0030faf2813c747e2b574a75679,2020-11-09T19:52:36Z
148d414a19fbd45c05174875b76a4520,10,e916ba77432d21a17af117752d3fd145,2020-05-05T04:54:44Z
8649a016d86f6e19f6c78313eec80ab9,10,81f787450694df1f8bb0e0c48a05aab2,2020-07-09T03:57:08Z
01b04c2ef2f19f3b88a206816fae16fd,10,d47345bf392b89388c07f31cab6078cf,2021-04-15T16:52:44Z
14e058b579c8539b3d43946a7ad97297,10,328fc21abc8afecaaf485b3a3f6bee96,2020-06-08T06:49:00Z
3f882b05fa5d85c50863480dd9bc94fd,10,ae0dfaba18e3e105b2b6ecc4dcfda42f,2020-11-09T03:11:24Z
2bf10388da84fbf45751747935d75ea4,10,38d4766e7583edb8172936b039a398af,2020-11-09T03:11:24Z
b5010ec5525539711246a4261b153cf7,10,2aae8fcbaa60dff240f71614e84312fa,2020-06-08T05:10:24Z
38d9eddc142c281870f265b9883b65f5,10,4bc80b444291ccab3253a652f776d93d,2020-07-14T07:03:16Z
337f1971cabdd2862d2b2f2d46d6b703,10,30c19d75bfd5a95c9f93e697f821961d,2021-04-16T17:50:52Z
25885bfb593491c730ca363f9bde6112,10,e3c17410447184398cfaae90b7192bac,2021-04-16T17:50:52Z
61c12e5f7021b791287a72c66c592369,10,75a27e35ccdca238496560c4d2595977,2021-06-30T15:18:56Z
e2db1619d9bab2df539c47215826b0fa,10,4b65383680f621754d32e19c90784a68,2021-04-14T19:19:32Z
05d4e8cb66b9df041de2757c5a50e80f,10,b5e49e39019c421c97a92bb85c4e4085,2021-04-14T19:19:32Z
be01b9fe9145e0112f8079c20ced9188,10,a681c5449025c2f5ca30dcc828d34016,2021-06-28T18:54:40Z
67002cd60c78af5207724fc479891883,10,767a2ff3913caccb92366a7d957f21cc,2020-06-23T18:16:16Z
d00831776e263ef6b0fa2fd7e2287e23,10,b2efae7713f833dd32df2d3b3b207608,2020-06-23T18:16:16Z
9c35ff70560a9665759d7bd2df86e4a2,10,7df3b7125bf71a600b587d1c63815bb7,2020-12-02T19:23:08Z
6d067151efe9e04b0269e20ebe22dc4e,10,c6662d26b7afc16e21e9ab2ac8688798,2020-05-05T04:54:52Z
f06af1d6dc8b936bf7cee57cfb068d9f,10,671feb28dbb502030f132fa42d2daf18,2020-12-31T21:19:04Z
9c5a9e71a1b73baa36e6e70e49d3340c,10,a1b917b39a3d40142c02de946c76f86f,2020-07-19T04:03:28Z
f364138923c0fa0a96e3db7c43faf3ca,10,cf9b42f3c4ea3edff5d9519d88b14f93,2020-07-19T04:03:28Z
8004068d6009bf813e633d6a41374308,10,e1bbf31ef115a83e0916fa2f7bb959b8,2020-05-07T16:27:32Z
9b80fccb0b2b577a9903278855baaeae,10,2cab211c943aa9f45b8aad0b7449d50c,2020-05-07T16:27:32Z
f337c5cec04fe654f5416f5d53f34cc5,10,3cf07e59b5dde0f91f67f72c8d353f32,2021-01-19T19:36:28Z
90b569fd7436402b05ebe2256bf4c4d8,10,d72af7b86d209b5e9a294e6abea03a5f,2020-11-22T03:04:16Z
7dd9784bc7c9b5fc430a0b67628ba33e,10,f7acf1eaaaba995bb3ee1cf9162cb704,2020-12-16T20:32:56Z
31f16684921101137e222cd0f243d1a0,10,ee1cba32a0f9a801c91995b3ce65f8dd,2020-06-19T17:37:32Z
c554abec9d9652e8c65ea0883fcdb42f,10,c746176d78b17a6fe4ad7151cf9bd7a8,2021-05-03T16:07:56Z
61ef8e7b3cd2ca542de05b540d1f5a28,10,83c69fbb7e0667b388aa4db44ff08d53,2020-07-16T05:38:36Z
3f5ad848b674cc1c444fca4d8978aad8,10,fd7d06e2d1abdaeee12025708677cdd8,2020-06-25T09:43:00Z
d24e50bc414c5ead25fbb2bda2f55cab,10,fa9a50de7fa799f6809c0e6f6911dcdb,2020-06-19T13:15:52Z
9d7bc881bab54dcfe3271e3dacc0f0f2,10,61300e4dfaaa091c508b1cb3737d678f,2021-05-18T16:46:36Z
2b87632e669eb2e45f71b0c769c34ad0,10,18dbe89bdf7bc03dbcdf5b77bb5b6feb,2020-10-26T19:19:16Z
2d16534cb2792c8fb6e94b89ef7c2884,10,f4a0385fa123b47c0ba62b27f8c04bab,2021-07-23T16:24:20Z
d8c0b20216cf09906504275c62c06aa5,10,1e7c8c1d82e8d6e22168a42bbeb57bcb,2020-06-17T08:36:40Z
d45175abded34347e162f4b3dcf20f60,10,7c2fe305daf74cbbb317ac98b4a533ba,2021-05-20T16:14:52Z
cba0bd0b9c264d9f24c464e22d71c992,10,83e241101e108b54fb03e835a8921933,2020-06-19T17:37:36Z
4ee0dd04efa58a0c02dd6527f83751a9,10,f72457934d1c98965722a5308c7753f7,2020-06-19T17:37:36Z
fe89c38af51ca6dea4d191a40e07e494,10,4831c9a5e3d11a45a6430dafa55dc19a,2021-05-01T02:49:12Z
2716b62a91473a5359759abde601d055,10,6e1073b8691e28242de9d3ebbf607c0c,2021-02-26T18:48:44Z
0a9c642fd5017a441d5c5b2ac2116806,10,5f5d864c0b18bdbe286be189d62e59ac,2021-04-24T17:41:40Z
01cb0c3464f0286b90b25af972bdb261,10,3866dc4a1739cdae9347196e7dc4566d,2020-06-08T02:58:00Z
ae5ef980237efcb4c7fd691ef4cc69de,10,8aba6e0256e1e876a33b25108c9774f5,2020-10-26T19:19:20Z
106d7dea4d08b645fd029d26ad4c937c,10,aa6c4b609de35b0826f45546d4899952,2021-01-05T23:58:48Z
5fb2e223f34ea7e5d9b313939d5be911,10,514bd2a182ea7615545e7263f1530790,2020-04-16T01:45:44Z
1e9fb045adf2cc9d521b02c6b78d01ef,10,8f96292a70b4d756e1df63f36e399e01,2020-10-14T22:07:12Z
3a60ecc070908b6c4f17acd9421e7038,10,8eb54581a9a4a84c904d37e0b85bfe23,2020-10-14T22:07:12Z
19d8a35320955f5934c4b234bd3c1175,10,b1006f63c468b38f90466488f42ba68e,2021-01-28T18:46:40Z
eb4d9ee9567719c3bb7f068a78e22833,10,2f6f732667905ec3be35d48bdb9bddc3,2021-07-13T19:41:12Z
324f746c1d4d68dcd41cf726e693180d,10,0ac2898ccbdca5765833b49d6bbc4764,2020-08-19T01:49:48Z
ec9a6d715f715546d8ba34be3397c48b,10,9d8e8b4ee272bead548614f5d027868e,2020-06-19T15:13:36Z
79e0990cd170728e0c76e0215d5ea6f7,10,d437e6fb1b58473321d85446ff3ed00c,2021-01-17T17:59:32Z
0373800d17528833cb4f4965e6a28b35,10,76b0f8746746beea4bb829ea79359085,2021-05-18T16:44:52Z
f353bed3b6b48f66bda1a7fe7fef029d,10,d49c62395310cd5df75535aac6f6190b,2021-05-18T16:44:52Z
6e877110411acf7f170ba5e4ab78c1a2,10,7400244a17b124c3ddba85a0ad55c2aa,2021-05-18T16:44:52Z
d881777455e371cdaa74357c35094e1f,10,5787b75b5e113ef6574bb9cdb3217bbd,2020-07-12T16:35:52Z
c0351443c2562e32135fa8e43bfb67d1,10,8919cb0977301a30475ac6b77e152663,2021-03-08T17:50:32Z
c31604f2a8f46d2665d48701ba4c6ad8,10,7b5a2ec84fddd0681e02f471dc34a6df,2020-06-08T06:24:48Z
42be9008feb27597bcf853b14d017e58,10,f18abfed8fa5f51a4f750eb2df63ff16,2020-06-23T15:10:48Z
f8750bcbedb50e10725c76b28f0754cb,10,243c6e2a5e743b4646936502b5079e96,2020-09-02T18:28:44Z
81683e48b5eaa1cae33b7109693a1c48,10,b8a9b16e4312e27c75aea7990a1f2b34,2020-09-02T18:28:44Z
06745cdab6fa17fbe3207932194d559f,10,655ed0e308b11f3b116f5c8d63158ea4,2020-12-10T22:25:32Z
8f6efdaad63a2de074d796740b917ef7,10,faaaefe6f1daa004e2a166b6c9bf46ba,2020-12-10T22:25:32Z
a97c1f794753223737c32eecc10693f1,10,acbcf4eaa2c3a1a3acd61fe8bc7357ac,2020-11-25T18:58:08Z
11b9bd1cd772b642ff0ec33ea32b3023,10,ea7cb116af17b58c404ddc3a06b10928,2020-08-27T18:23:32Z
40921541b5544255669a8bb25b7d5f50,10,262d2435b65ae77f7db56aeb9ba3ff14,2020-08-19T00:45:24Z
058842e06ca1323e7aa31676626782d7,10,7a927a9ec7c4d1546dee5ed77a6a2157,2020-10-08T19:22:48Z
1ab2e5f310a7487c8bc8da5f9a5d166a,10,5a7115ed5ddef9f387464f2c45365b0c,2020-06-19T22:07:04Z
ce7c2ee1a24c404b888e232ddcf76c23,10,d3747ab150a52fd55d6f79bd24c74da4,2021-04-06T18:00:20Z
7f9f1d17b9d99d257321cd0d8726f962,10,182707457f65f1a05fc7ed0799accc7f,2020-07-08T09:49:12Z
016debd7115bb46fd05c622413e94ad0,10,ece5bb52f0aca55af5ffc37620a53129,2020-10-14T22:07:20Z
f839f69c749fadc70ada6cbaf127c2c4,10,4f4b5e45aa3be4b04217ee1512491e08,2021-03-26T11:16:40Z
4e66a21279bb24732a6ac3ca011dbe77,10,d19630f61855f6ea37c6af2578ca4a59,2021-03-26T11:16:40Z
3060c4a1cbdf3062032911a7e1c132d2,10,b6b631339617d25a565b3c4d751d2690,2021-03-26T11:16:40Z
6f5931612c212fee8e0fe516570704b2,10,23868ae8cd7cba730810871f9b60ece2,2021-05-18T16:46:52Z
7faa5f3dcf4d419cd350efac9e391fee,10,3cfa03fc34c2e48e28b70386197b6474,2021-01-08T03:41:20Z
734b443b0e427ed22571076ee9ca4679,10,c372b0f848ce54d0a7bad5ec17d5a9d5,2020-12-29T18:58:40Z
d6884a4574050b77f71125007a7c02e8,10,b0bcb4c7a5fced18f681b896cc399d4f,2020-12-10T22:25:36Z
a3918bb63eb4a44804a0353887f9026e,10,0932fdd90f1975a37e465d246571e42e,2020-12-10T22:25:36Z
524f92459176122c0319f13db18fcc93,10,702a84ff3450d715e7c0926b6d6931d4,2021-03-13T01:07:44Z
0be568c9071f34f062ca1215882974fb,10,9ee5de90ca60d989454f2536484f1d0b,2021-06-16T21:12:36Z
f453f29ccd762ae4c641864f7ce40939,10,7848ab1f07e87d4089fc73cf437ac8a4,2020-05-29T15:24:52Z
b67238fc5dcc2db8b9e533b32d742a61,10,f07a9c29ad6f71965252a8a903504c5e,2020-06-25T05:33:00Z
a16c79d6cd258a200e5a8a232e57163e,10,a80a182cf87e402b308984fd30690648,2020-10-12T20:54:52Z
d7ff19e974ac1a308355be98db41f7d2,10,ae4673479cc0c57f009e164527e6cee5,2020-12-30T19:35:56Z
2897d7fe37e9a1d9eb64ee6d46e14f69,10,c32f14ea0ae067a7cb98b9c1fd7ca90f,2021-01-21T18:08:16Z
d180d3127b03c80e138cac0ff68737c7,10,763c151afc10fbf743175107a8063303,2021-01-22T20:52:32Z
ecf711d53ec1dc2fa3037aa860614d88,10,bd70a97e83bacc505b9d7bca098a7de7,2020-11-03T20:05:08Z
2a2d7984635d5dedb1976fbd45560e23,10,5ced36dbf119b63589b01b494469bc53,2020-06-19T13:08:40Z
680d75862ddb11174a3713696d10d9e9,10,396b0cf50a69e073e8015c0ae01b4fb7,2020-06-30T16:14:16Z
10e4e9f6abc0fadef6c4d84d89f13f90,10,8bb738317afc2b4c33d52ed2144ec1fc,2020-06-30T16:14:16Z
4d8a3101ce6090325c634cfa23b409e7,10,97ef2e4fbf250a5702bf82c3bbe6eb6b,2020-06-30T17:43:24Z
fb777a580ca3f39d9e97a7723c7ee67a,10,bec99d5c13752a2e987505ef2eb168ed,2020-06-08T06:45:52Z
8f61b697180cc97797947791294f0101,10,6cd8e2a96a618ddaafc1f0f3f414838f,2020-09-23T14:15:04Z
13cfbaf89a674c9ff43e3a09bdee5f8a,10,6a0ce831ddc7ad768500a1939607bafa,2021-03-12T18:56:12Z
25f2701f7aa4a06e51f4b3be2bab2e02,10,93be92c69ad7a6a8b36603b4aa28be5d,2021-01-08T18:40:20Z
d413f703d21073dccaf80ad6c0aa93fb,10,7cedb47d5f28067f6427419552205fce,2020-09-24T22:29:20Z
f3aad29b31d72971ffa50ce4eb7bc5a8,10,c70463076d2e3a099ed1646560717b0c,2021-02-05T20:33:12Z
97bb48f88fd760e593a342bb11999ea0,10,91396aece5b740a59f77f175b1b93f82,2020-07-28T15:12:44Z
0da21e2201804da31611d77488c0d734,10,5bdacf291cfff08fc251aa06e352a2de,2021-05-21T20:11:40Z
48455f10009df56341bf4abada451f8a,10,305c813aac4850838e2a67750421ca3c,2021-05-21T20:11:40Z
4a12ebcb9f7225e0e03e3d74f666632b,10,1d75f3ccdfb87fa5e85acebc72e598ab,2020-06-22T06:51:12Z
921da568caf84caa37befe4b7183c97a,10,aa0c0497463975931e67157498965d50,2021-01-19T19:37:04Z
88647ddc1fe3af91518c3ec7de0e4d9b,10,1de039e6533c954a1df83f43905483f4,2020-12-14T20:40:36Z
0305dce2bf9b49a168b3036652a1f179,10,40c3fd024090301d95d854b97f35d0f5,2021-04-20T19:12:12Z
5f05d119c173897063bb5921010635d8,10,623666bd3159e202c7e4957c684e066c,2020-07-10T09:40:28Z
5496e44b017aa6aa6847dd575cb63f18,10,d89b7891a7594c671b4cc5d98d545db0,2020-12-29T18:58:56Z
5dbaba89db593e08d0e7071d3733fee9,10,79ffb1337237cd8636d8efedf35d5b4b,2021-05-18T16:50:56Z
0a084ff45339f38c3b8cc06478d7b990,10,86ba8676d6dcce9f9e0ab5e12eaae2c5,2021-04-06T18:02:05Z
b7f79b87218a385a6a3e8b800cb14094,10,037b6522d87bbca6ca1858fa682f512c,2020-10-14T22:07:13Z
2bc475f9b3b44174ad21ed2f6b7de2d2,10,633b9375c092cbb76787769076c60592,2020-06-19T15:13:37Z
6268ed17cac82a876531dcce1aa648e0,10,b42c6db0fd820a965b2ad39820e124be,2021-01-15T00:07:41Z
141fb81ab19805c5332c2ca91ce8a5bd,10,5a0ccdbb5b25a46ee2c92652c6f230aa,2020-08-28T15:54:53Z
9b68ed3724cc2d7db550503efe14341e,10,6162c0cb27855eebe9a808f493e1f878,2020-09-03T21:52:49Z
70893aa303ddb1cc89ea8a0873ca2a61,10,82fb403046b15fd6f1e36e07bf56935f,2020-06-08T06:32:25Z
16305bba6e37b5d43def12d575b617b3,10,b4159aefb756c0a151900b3af9698dbb,2020-09-02T18:28:45Z
2c4a3909955f11705a9b193d39d5cea5,10,a4005725ee145b042afaf77c2489c3be,2020-12-10T22:25:33Z
37fca12b1f6db18aef806bd2530cc68f,10,0a270ab877b6cff43ceeb1235c8f486c,2020-06-08T06:53:17Z
156b40b2a69dbc8e7149b140f3137c17,10,19187577ae268e913fa44335377b237b,2020-09-09T00:30:29Z
63a52c056b0fb7e02e8ebef7a7cca011,10,cb14219ac7d3af7eae1c72b737ff50b0,2020-07-08T20:01:41Z
4cfaf1af6d7f556f7f73e6ef31704959,10,d9b7f7c69bcb58c8ba8d9ef42bf99882,2020-06-02T23:29:21Z
34a1fdd51a9fd19fbd23fe487be93f7d,10,5c0e960422b21b62c37819c63fa40e86,2021-04-06T18:00:21Z
5f8775504c5d794a9acc5134f45ea588,10,dd627978c09c2003e23b1b0798e33af8,2020-07-22T01:37:37Z
8c30d5d7beca5417a7da7fab3553e43d,10,ee6662103474e9d94358ccb7577e9414,2020-09-09T00:30:33Z
8afed15313aae08b55c5fc3d83021c09,10,27bc1b6a3ae0a65929eafec42acddab7,2020-05-13T16:00:57Z
4d73825494b2bd43d5a269d254a227da,10,3b5cf1f0c5aafd752f4976537c84a0b2,2020-05-13T16:00:57Z
c98f7f5a754accd35cd42df9836b68a5,10,2f9e90c02076ae739e20b851265a9947,2020-05-13T16:00:57Z
553f8e7ff968befc8e98d9536b2042d1,10,e753317d7ecf10eed19c131d964a5b4b,2020-05-13T16:00:57Z
caecb85c29d97df158ca8cfa4b57ba96,10,608b6b570befd20c5dbbfb20151f0c51,2020-10-12T20:54:53Z
ac199f2adbad15ffe136d2a0c1a0f223,10,638a5ba225c0f6d1cb48757a3a7dab94,2020-10-12T20:54:53Z
d8f880de759f3c55ec2ae1508eb58b39,10,11f2b5c24e200ed24068564b98cea562,2020-10-12T20:54:53Z
17ccb9a3bd806253d0f69da4b71dce29,10,a8217d8904dc4773ff0f565bba24baca,2020-07-27T09:58:33Z
abacee3a27ecd140815675fe13a8589d,10,dfb1f0badd9b5282c65083d55ca7242c,2020-06-30T16:14:17Z
4742cfcd0fd2fcb6e84e92bf5c982eaf,10,dc2a20598a33a6bb5a54c7fb2b75e564,2020-06-30T16:14:17Z
bca6742ce77ca4db94022fe419858492,10,b3214ea30002d37fa318712d586bd98c,2020-10-12T20:54:57Z
4249b7ecc2e48fb491485917f0dd6b78,10,9e36b1878434d9c79dcacd85bba5a749,2020-10-12T20:54:57Z
2eefa06901b9e9492a78019d64873bc0,10,a34d87fdeed1442a0e084fa531119bb8,2020-10-12T20:54:57Z
0cdec1a9c460a9f40d692734ae264e02,10,6afb8d86ae9c376113c100757c0c02d1,2020-10-12T20:54:57Z
7e6e3ea1754cc8c8ed14e47ce49994e0,10,c581d22e51723c580eea8b28e6c1f23f,2021-02-26T18:49:05Z
3bd3d54555f14b7212f82fe849feb3be,10,936e7fab2d0716d5d3cd354d1cca79bb,2020-07-06T18:37:57Z
7138525705cfea8a87505f634b6790a3,10,d05d96208438372129443b8786dbd89d,2020-12-15T07:02:29Z
602e87bf54c1fda331ee3d988bf5aaa8,10,8f43c47203caf8eb481789f195d83fcb,2020-08-18T23:25:57Z
1ac706c56210b21ac41047547f09cae4,10,dadfef87b0c9d472ac083acbae985712,2020-08-18T23:25:57Z
2bd34a3f750e5d9ec8a429cf70854b62,10,7ce56dbe648bc31315c53ecf812f11f4,2021-06-25T14:43:17Z
765790fdf3dd5537c26a25a4137b7a96,10,0fb9e7952ea3383447059dd1f0bd7f7c,2021-05-21T20:11:37Z
b819d33c86c925f5883bbaed3da9b1ad,10,aaa2b49a0ce343f1730eb144d6f6686e,2021-02-17T20:07:37Z
a846fc36f1f3cf1215be47d10677ad4c,10,d4f9fdf8eee5f63b10c4d3871b8c7362,2020-07-28T15:12:45Z
706350f2582492eced4e8ca4a3f5402b,10,c03d464dea18fc143011d06abb18d255,2020-06-22T06:53:05Z
31ebd610ac96b3294f9e215ebdf9ea9d,10,d4b14746a56690d797121f71a4570905,2020-07-09T16:47:49Z
9dfebee17442577c799ae615d384d4f7,10,b154bd71782d4a277b0dccfa5a977ae8,2020-06-30T17:53:01Z
a5895917325fe08b63286f04e8204581,10,78078bbe32ad5a1934ba84356f69e225,2020-08-12T18:28:49Z
0dca3cd36a6843a7facc85b3ebc29e35,10,dd1cb8eac2e6d405d921c419bf9dacb4,2020-06-28T10:47:49Z
9ea8651923e119b529dd2ada27d086b2,10,decb3c0d0869567718431b140cbf5624,2020-06-28T10:47:49Z
49058a6442a8cb8e5066259ac193650f,10,88c99ef65eab53e70841ebf651fa4c99,2020-06-28T10:47:49Z
32469b73f0c10872554209dd7fa3ad6f,10,d0b35c772ea53cc4057cf93632384835,2020-06-28T10:47:49Z
f4082e66d37ad6a90c4211061500612c,10,03fd7ddf3124261e2aa4e415758362dd,2020-07-30T07:23:01Z
4eeccf7529ded4c81a3087f26136dc50,10,ec892b02b425b7666b55802a5ee6617e,2021-03-02T18:04:41Z
799279d6d40df3761325fdb2264c75f5,10,e642266b4bf3bdbb46e630b0fe7077b5,2021-03-02T18:04:41Z
a135c87637e64da82153e4590d88faed,10,c3f5965f5ac166f8c009f0fabd0bca64,2021-05-20T16:15:25Z
b575726302edfaf865f6cc6cc2af07e3,10,49da06b77bd48a0f0928b660eefa1abf,2020-05-13T16:01:13Z
43e8b06b47723f72341cc4ff0f9d6339,10,dfebeb16904abebf2335db6a07059d82,2020-05-13T16:01:13Z
2d628ea83e5c88865072132b5d9e7eee,10,9a5d758728dfb4ae2f19bea867bf7af5,2020-05-13T16:01:13Z
31bbec94757cb1d06bdc4d55574247d0,10,462f3feedbb244785ef2bbe01fc2189d,2020-05-13T16:01:13Z
b1f97b7addf17562cc72cd10308dc030,10,59c019bc711e2f61c80c7f36a8545e32,2021-01-28T18:47:09Z
256f9d4ac8951caeb84f6a2d1bfc5445,10,d40d2ed79604d88f414260fa5dfb4b0d,2021-04-28T20:03:29Z
02478b00b243578a796a344d49206385,10,fdf58452ef8bd2177b29a0871bbc7e3f,2020-07-27T08:16:25Z
30f95f42c8f9c22c6a0a8bd5f952c60f,10,cf8f18ba1e7b94c9ea7883e3aa878764,2021-01-15T00:10:01Z
1474ff6e68927915fa15771a4b1dd4b0,10,aaf3d6c846eb6cb6da2758d76b359932,2020-06-09T04:21:17Z
ac614c84becebb2dcb10ce7fb3c63fe2,10,85b762baf5c72c3a662ca30d62d7fbea,2021-01-22T20:49:01Z
f12a8ca128fb4a5c3f04cf41b0134823,10,73929e154127ff983898aef4f9e4a17e,2020-12-21T21:06:05Z
587a6d397335ce256d0feda0e3bcbef0,10,3a24645d77557d2f7df9fbf076d186ee,2020-09-15T22:37:49Z
e410d3b2db91a400e07082e342e0472a,10,a9745e7e8784a072205f32d403e1903b,2021-04-12T16:02:41Z
8ee1885ee7fbea40fb68341b1d79d0e9,10,cdcf73b67cc2c0a8f17770b66d456729,2020-07-09T08:44:25Z
04c93794272ebc7b2e23673f15013fcc,10,1a4b32afaeab7c6cadf25d1423b09813,2020-07-09T08:44:25Z
df6c0c2b67a0627ca6744d25af0444e5,10,55247c4d7e28e6a191a9a8953acc1741,2020-04-21T22:00:09Z
b3adb5777ead33a37af7a5207c4a3359,10,364e6b375c944a3c30abc20c9f3dcf1c,2020-09-09T00:49:53Z
57bb188bde389146d9ba99b3096baa75,10,1fb5aa462e476ff55b0996c277d36264,2020-07-13T06:51:37Z
b97267ca60891af464776de28f069f36,10,179a6ac0d0963aa4362e9a4e7af2135f,2021-06-01T23:02:17Z
4b5293062c03d385f202d2fd83ef0003,10,720b417bc750499dd8eaa938894e433c,2021-01-26T19:28:29Z
42c2b3115ebaab5c6ff5743df8676649,10,0c75a1817606dbdee66d04130f27923c,2020-04-15T20:10:41Z
23f80a96a3a9baf1e5ad161a345ebaa3,10,34ef68be55fec3c3d03897ce8fcbe526,2020-12-16T19:08:21Z
eb83d23265530cd41db03e53503bca57,10,eee4878a858da574597e556a36fffe87,2021-01-09T07:02:05Z
310e5d6d29eaa6774c41bb67001ae00c,10,3b74b4ca5d60531ceb80dee6c932a634,2020-06-30T12:15:41Z
e475173cd25701d4ee23c67625db1a8d,10,44ae7fd20a016cb0f0a3f6b4abe2008d,2020-07-16T06:17:17Z
0c25468b051ddaef5fc671a3af6dae6e,10,2a0173e3caf06266522942a6d8fa2f7d,2021-02-04T17:41:37Z
496786be70c667fe9bdbbc9c79d07379,10,c0f441b8facc0e4a4d2ba61598f6424d,2020-07-13T06:51:41Z
790fa7999740669b2c95ffa262a6f06b,10,50831398d601341ee5ea9596c4fafb82,2020-10-06T19:11:29Z
54fcb8a26c3a2cf8d5bf29f042c3e0e0,10,2ddd0d9e46d410f2fd8bbd4eab6dd4e5,2020-10-06T19:11:29Z
01f51b71300938f0348917d08525272a,10,c39a06765ec524bf3d870da9ebe7d0b4,2020-12-18T19:03:13Z
45d96c1e53b6c86931368d3e0c8f5972,10,e6c0215a3f7faacb50230753c69596da,2020-07-20T19:38:33Z
e5d72e82165c85f1deda36446d1d8867,10,1c182eccb71ce889caee34293a7c49c0,2020-06-09T07:55:45Z
8faa9c763ed5ac4702cb1debd0824036,10,d25cf69fc496119b6b4735f47585fec9,2020-07-07T16:36:17Z
f192ff3c584d04fdf0bb30888365d023,10,0a58a463162e49638f18d63953e8bb53,2020-11-20T23:46:45Z
95d066d4326b5ba68b2768e28f446bc8,10,f3e7465fe1f236a82a391c9482aa0631,2021-07-23T16:25:09Z
7fec8742baa5500e9bfccf624153a4a7,10,a3b427297456a24033cdb2c02e67e496,2020-11-16T19:43:05Z
af0fc647f77e0644fbbaa66f608bb529,10,0146706892c4fa1ef0467fcf885af46b,2021-06-25T17:49:33Z
f71ff724f23c0f430ee2888acbfa89c9,10,39ef330c96bc55826bc19f3671ecabf8,2020-12-16T19:12:17Z
ef5e447814fffda605ab206eaf70af31,10,50e8c68048a74295d80eda38b5403d23,2021-04-20T19:12:33Z
2bd69166c6a600f21240d4c8b53e5f6f,10,bb32df9e65f0c8bb201bb8cf94170339,2020-06-30T04:29:21Z
b4f2eed09226e85c9ec6c466a63ab6e8,10,a21cc6387b48d7ee4e0feaf5112adaa9,2020-07-13T06:51:49Z
8bb5cd1d5c9744ed537f8d6f7bc02815,10,f6be9fdbf33a4ecf3b9c06165005bfb1,2020-08-02T18:43:53Z
9a39abf34282ec6cf51908609d099bae,10,83ae78f598841ef0a5f08162bf1a126f,2021-01-07T03:46:29Z
4bf45035a7e7041a455f1f0d99bda481,10,d7bcc32bf5712fbfcf79a55126a05842,2021-01-22T20:51:13Z
09b7ed93e7a8ef5c13524ed6c1262807,10,8e1062b0f485621611f45315a6479970,2020-07-16T05:33:53Z
5cb1df3f140d049d05c41e635e77672a,10,21a39bdf3cb49876a52d961e70b0f192,2020-12-31T18:33:17Z
b02935e017158189881eed4729596bbd,10,2d9ee805b7064ebaaafcd113ba05d20d,2020-06-29T15:18:41Z
293deec71ff6ca35b1b988f2dbda5b40,10,e80d962b9ae8805d1fa6838545b5a566,2021-03-03T19:31:37Z
030deee67e2fb1c6d514f39f1221b7aa,10,703b431b576a5d8eab71133c3ec95f72,2020-06-09T04:10:17Z
f10bd902a60e49eb8d222e622476069e,10,fcf1c6df0ae34297d7a315120927a4c9,2021-07-12T16:02:49Z
0dd9763218b3c14a95156dc249f39520,10,3701c9fec9e248d1f3fbf8d41d954df1,2020-06-29T10:34:17Z
c9cbef95e5f0921ee1976679fd775dbe,10,ab0dd096498376b2de7b77afc96576e0,2021-02-19T18:30:01Z
12baca18716a552cbe9a4863dc7aad3d,10,84131d00a3535827b29ca46b92a2e742,2021-04-20T19:12:41Z
f4aead18289179603c9c0c1b3e385131,10,f7f65bc7a577634d57d7979c9c9a2d28,2020-10-20T21:06:57Z
7d7c923ffda1d36e3e2a2e5fc07c681d,10,00adcfca3ae482eb93b4bb08a910b2f1,2021-02-05T20:28:05Z
868c6267ba840af7e18248adb20b4f86,10,210aaf6762ddd90d02ca7d48baa6c894,2021-02-10T20:37:49Z
d2da46b7179f66066e05190804d46396,10,ebb50088b51af424243c68d0ca4689e4,2021-02-10T20:37:49Z
476eda203da532421a70ec8dd4265da8,10,01f6d90048928aee4c3f0f1f9b51f08c,2021-04-08T14:19:45Z
45824ff7a66432e18677ff126fc1a369,10,31351543e4a3bc11ae796239f92d6c0d,2021-03-18T17:46:13Z
b9e6a4a7a15bd31d9b47a979c145c66a,10,e49db2da804e031c0733241c8d763cfe,2021-01-15T00:06:41Z
9ba3bea4f7c7997f3214b5eb4f0ca0dc,10,7121ea6626280de89a4d18d34393ac13,2020-06-22T19:24:37Z
7838f5c2ef4e6a0648e7d2a7760532d8,10,9b39a958e42537d7def6b8dae8e07e3f,2020-07-07T15:32:05Z
87f1ea584497d59a5463417ea8e6f8a7,10,e85014f4c583835ea1b1f302b73aa2b6,2020-07-07T15:32:05Z
ba18bd5b7784048d2575f17bfb1b229a,10,60bed0919d612165ae9b7e1e5d9fbe1f,2020-06-22T12:38:49Z
4af1a0f65c08be2367314df8c30c7050,10,618d3b8936b13891147638b5e523135f,2020-06-22T12:38:49Z
53534c1bb6fe48555333795e71aabb3c,10,87b2b16eb488405be9edda48a0bb9490,2020-06-22T12:38:49Z
2ef15153b00bb9bf6a8210577bfba35e,10,3dca905ad65b6daaa1a6221e2571a40f,2021-04-15T16:52:13Z
5d0c3dae6b0101e334a2c7f5fc332647,10,faeba19205b68644e87e6f3cccd90047,2020-06-30T05:13:13Z
6291d506f9b6226f2b744abb750833f0,10,5e35bd836eeaf2750d7f9df1a3df2490,2021-03-26T17:12:09Z
d455b6c92c64c727ce8c75235b0eba37,10,aa4fdd2d6382d7a2957edbf0319011de,2021-02-05T20:30:05Z
f9355508b73b69449a4407f37ceabd3e,10,9784c6f4a629a05f2ac263fc750ef3fb,2020-07-20T18:21:09Z
4a14ec18b6cbe2373186a23760d2fbf7,10,e9f3bb73f4d3e1a6b7719f8bef15a527,2021-06-11T13:30:33Z
53ecc3ed538b84c27c2f31db08747147,10,01f60ce4bf86b50faba13f5d38205374,2020-06-19T09:12:25Z
23c9d79ff28c005eeaca12c51f78291f,10,1570e051fc2bbfa447a2ef525c1ceaa8,2020-06-22T12:38:53Z
03cc3915e706e9f2ed4e9a195d59f5b9,10,c2b1d8e0e715f89a399653d36b599396,2020-11-18T00:27:09Z
859b1f3c917f18aa22e4b1e9b794f375,10,a35ecadd25caa6c9b40a010c45dcf055,2020-09-19T00:30:01Z
9b43cddb5badcfec0774e869001a5b89,10,505ec432e99dc1bd173b63c49a525c6f,2020-07-20T09:54:53Z
2f6e8ce2904d33c4fd91acbba33030be,10,f76f751546a851e28ff08e022d9452f2,2020-11-06T20:15:13Z
00dcc5d8457c3ba1eec1b105fcbf1866,10,3f5efad858abddf2946a49008a83dd51,2020-12-16T19:05:05Z
6fe0e8659e915c91400c8438ef534037,10,7278b4c581a3dc76cfcb51aea1e51647,2020-12-16T19:05:05Z
d66c9ecb70caa95cd0eb4cdaf560a8c5,10,cf5ce616bfaa24ba5a44f853de5f2f71,2020-12-16T19:05:05Z
d0f5f0d696fba4691f5e574cff20855d,10,1cc1cb6abcbcde852075364c905173f8,2021-06-25T14:42:13Z
f066b47bf186c59b3b3d7b3471f04615,10,58f3bec927732aeeeeebce720fd6a9ba,2021-04-08T14:12:21Z
725cd27db77e4f532a0bc91a6ff03fb7,10,ac2251737d4e68043ef7d43de40e0473,2021-02-19T18:28:21Z
a48d1259b150c8537e214948c0e69639,10,927134168147f70890e1e03e14523c8a,2021-02-19T18:28:21Z
6c0d386b74abb97381e2704a5b9d4ccb,10,e8d68bda238ba2d5cac3dc9bdc7c66ec,2020-06-25T06:28:57Z
c9938087f802ae8759865d3ae9572a26,10,356f69bd24526a09c4ad6a3a50c9d942,2020-12-09T19:13:53Z
cccb674798813c738e1b4fe9977057b3,10,614720fc766f28ca5a70abdd6cb916d5,2021-06-08T01:07:33Z
4f873f83dc4ebefa612868c380bffcfd,10,8c3ff594c16090ecdf3fdc37c7de38da,2021-02-05T20:37:49Z
76673e7170c3e7c4bc68f4429b568875,10,62aede42a22de59130ec4440f0bd00fb,2020-07-21T20:14:21Z
08ef81a3bfaf77cc0e5111fc3bb8da6d,10,44e3ae480ddf2758ab55295573a68c44,2020-08-31T21:54:09Z
f5bf9261d75d8c2143c80b81fe2a81fe,10,fb3ae5411ab3b3401c07276af8f96c3a,2020-09-15T03:59:41Z
7104203c3a1c6d7213d0f0475e826266,10,3f80a91c6622907e9c2c2d551bfa37e1,2020-03-26T07:09:05Z
665858d2ffeada4bf9c46932abeb1c76,10,c8c3525d70b99fecef7c9a9c2f4f9e77,2021-03-10T05:19:21Z
d75cca139b916628f860c1993ed75d4b,10,d4510719efcfbbcb5c183157b9f4dbbb,2020-04-18T18:15:25Z
896c3b0f55c60dee2941eb1ae24b5768,10,de2b35fffface711ebea796e24bdc52b,2020-04-18T18:15:25Z
e49d403a4ccced1601d23affd0c0e4cf,10,5dd753e9bafb186aa1a7a431d3bfcc83,2020-04-18T18:15:25Z
44449b3935cbb1e4fe2034401d7cd68e,10,6418d2d707b383ce8f527da683f1378a,2020-04-18T18:15:25Z
c44677eb07ff9172b7652e810919c7c6,10,4fc9e084cac806176ef14288980966fc,2020-12-31T21:16:49Z
187b68c4a749aee11af3d5d182533c79,10,06f79f0edea812fc6b57d1297a2b7abd,2020-12-31T21:16:49Z
50d78ed0696b27622fad868483092136,10,78daa26cd464f849403bf2c663093141,2020-12-31T21:16:49Z
93f1e1e95b081192925b303a2a2c7cfe,10,95cf988d046c32123be2135277f36a2d,2020-10-04T00:17:41Z
66f94fc98925b4f63aed2ce3fe017529,10,61ea7f06469bdfba21ff486c3dd7dbfa,2021-01-30T00:17:13Z
be632d0f2b900eeb321aef0febdd88f1,10,9663986d59a1f8c44d3fc355babefed1,2020-06-30T06:27:29Z
bfc3300282e511d19e5d3af2937f46c5,10,389fe617262ca215060e7c585641b4a6,2020-06-19T13:57:09Z
834e88601ec9dfe799539b6a523ed37a,10,ff3f53e272f7d3c4eea7a8ba1f8bce30,2020-06-19T13:57:09Z
d5a099316bdc4ca214b93734b0de39d5,10,e3e0c23752019c47eab1d3ba5a506f28,2020-06-19T13:57:09Z
b8c6fd72a6ef736963c087783e7fca0e,10,f628aff5080c588727d6c49956033944,2020-06-19T13:57:09Z
067b99a1c42b7898e8aa8dbbcb7c732a,10,cb03cdaa17febd7f2521641380e056e9,2021-06-03T18:36:09Z
29e601d077ad08e7d33d9be93942d941,10,32fed1e89fcd39a4108e65a3347e2225,2020-08-05T15:57:21Z
8af3ae50c28a7bbc835829a810b5cee0,10,bb5f64cfb02d3f26f3b282b16d1cb509,2021-06-08T20:45:21Z
8e2f46be625b34987646ba8d9ee2c37e,10,c9ed76781954daa5605b30063a058f97,2020-07-23T22:14:29Z
738e94c1d09d03241ac453f0f3380244,10,e3c07492b69a406576252f3bcec4a94a,2020-07-23T22:14:29Z
e1d62fae15fccbd37c7a21a587171e37,10,84704ac2850a0f4a00f696664e0c87bd,2020-07-23T22:14:29Z
9da1d18561506c0e7d017c5f528d5f47,10,385797aa9c0a585337eefc11d0c0bb77,2020-07-22T14:57:09Z
08eacfc0f2838d952feef365b2232b8c,10,218d6257022813374bd2f830d4a28c32,2021-03-12T18:57:17Z
b97faccb117f54197b3b64d58b83a973,10,948fbaf9d83fc1a7e3caebc60304302c,2021-05-29T17:10:37Z
7c625cbdc6e7014de116719a1648c872,10,4277b99e460e57a38b71b665b6b9dcf9,2020-05-05T04:54:37Z
8b2bd0807892b901ac71d2b5a53586b0,10,7b13aa0c141146e5409edad2b3802913,2020-05-05T04:54:37Z
3509e4ab75e00f703261904a1552e553,10,12135fc0d4d9ae01b7046d9c377d39ec,2020-05-05T04:54:37Z
2983f40c044ce8a89efabb7ad3ef8c7e,10,2f9fb341a65ddd52069c440b51019092,2020-05-05T04:54:37Z
d5cad0ae76b20e11527a42a7d1f16948,10,72b5c9b2d368dd99d1a9e74924b2806c,2020-12-16T19:09:09Z
fd5f6ffd51a111c66e5944da06b7f5b9,10,722ae774e69e800be3f249f3089ee54a,2020-06-19T13:57:13Z
2dcc7118eb8b89b712262d57917b4e52,10,86809d0326ba3891c007de25a8571552,2020-12-31T21:18:49Z
3183ede4cc1653becf9cb1c20555e30e,10,ab7e477d74e814e83a5913f196d8ce25,2020-11-09T19:52:33Z
3b495678fd0c840e5769073884703466,10,254978a4d9c02b40f07cfdca1280dcd0,2020-10-02T18:14:25Z
3cf7aae2d431c8fd2ef154701fc590f7,10,d77b92c38f2618c65c5505518c54f28e,2020-09-30T18:10:09Z
ff5859013e54a017433f2c6e60c5b377,10,a5587ec65691b8ea49f01c749982deba,2020-07-08T20:01:05Z
f96b07d9431087530284d84d329d48a4,10,656c2258305e3422466a6c7a2d5e8a8b,2020-04-15T20:21:01Z
34521101078698afba3a9c0eec91bcac,10,c722602dbdaa70da73731cbaab57c3cc,2021-02-10T20:40:13Z
cb60aa70e978d35e7a6637d03d3b989e,10,fd8054563f357290495ac8b33bc3d0e6,2020-05-05T04:54:41Z
bf784c9390e46a95a04fdff8b25429ba,10,9393de554765e18c10bf960bb308bcaf,2020-05-05T04:54:41Z
c7c68096c176c6ba0314933b8c88e8da,10,8366b03b36124dbcb1e47eaf43a6ff52,2020-05-05T04:54:41Z
3b520474838067e827dae403bd298c3f,10,a7493b17f88b1364431bb7f353b95839,2020-10-22T17:12:49Z
702d7a626e58aaf269f85af6c2e766ed,10,da74476c0675aa10d378a5fedb45a5d6,2020-06-30T18:13:05Z
227e6c3ab7ca78185d570e4c67f4a21d,10,6d05bd1df49cde7da7a3e6bfc90afb72,2020-05-05T04:54:45Z
e8b23a7da115cc26a6247202fe24a76a,10,c167ee7b4031355213a8117901b410a8,2021-03-26T17:10:45Z
b691e48584faeec25f43fdc78d9f7736,10,2581000820b23d4a8b0eb11f69953914,2020-11-11T06:06:21Z
ee3e7b14712915567f413077d1a21c89,10,45764490d4a60ec05d07a1d1fa7a72cd,2020-09-22T23:38:21Z
cccc893f9277fe5f91b5b39407509a7d,10,dbdaafe50b65015664fb3551d710dd0f,2020-07-29T10:09:49Z
70a3a2182e62f1c2fa3c9490693a2ead,10,7378e069da66c8bb1d8c158b6d829b8c,2021-04-14T19:21:25Z
f430c4ba6c5f6d52b451aa090bcc27aa,10,52b43719f104747223ed3a6f42230b38,2021-04-16T17:50:53Z
4dda7f57523f9fd961d18d7cc1364ad5,10,f552ec18f9b6cf8b5b52bf88d33f65a5,2021-04-16T17:50:53Z
9b1508c435ee9b6bf5e44c2b78659479,10,97e412eca959c699b65397f2fb207061,2020-12-21T21:07:09Z
27a08a1a8d484ecbede8706bdfa6c7be,10,1367e2366552ca8af0f091a0ab1b8257,2020-12-18T19:00:21Z
8f0932f2a2b54ee31aea946a3929490b,10,231bf95055d37261b9f2d779cfb17d02,2020-08-12T00:48:05Z
4178b536c4af1eb7f86c146e5e9c88ed,10,ec606a4bd3c6823646f76dcf5753354d,2020-08-12T00:48:05Z
99ca9f4be9d81dbf41bc94f37c0063dc,10,348b34106152733c92955d6ded53ab64,2021-01-06T17:23:25Z
9b022342a6e0937adb398732e7619b9f,10,aa81e1134f75c4a71f513f5c28047709,2021-01-06T17:23:25Z
d3763f92da9984236eacf1cecabfc2d5,10,3667a7aca6f06d457c3b62e973c80afe,2021-01-19T19:36:25Z
945da4a397fc0631aaddd4a6c66e592a,10,7db2c982ff3010784146c830c67e9334,2021-01-19T19:36:25Z
08b75f81fa2d9bd8acb1323b558d28c4,10,4f769ef75e11a1accdf4ebf005c44735,2021-03-09T19:30:01Z
02320c781978568b75a91cba35a9af15,10,8e1aaf655b2c2b6a034abf16e24af948,2020-07-21T13:36:37Z
082eee254288f2ef1cf1db483e0b9d9b,10,36881003ba9aa85d9b5df958538c0846,2021-02-03T03:41:25Z
044d359ef8c5be7ee6474b256a0287dd,10,c59bb9b274186db3cff119fb1140fde4,2021-02-03T03:41:25Z
b2f6ba3d70895eb28c27fcb5498a0c0f,10,29a4848ed82f89b497815d8b88fc3d48,2021-01-12T19:28:09Z
70994d9930f6ef188ee13b90587f4d3f,10,c8c71385865f15a142d67b94691855d2,2021-05-06T19:32:25Z
7e177d7f99eab149073c3a7e1b9c44bb,10,f394ae5c4e45baff114a175fac3bf723,2021-01-17T17:42:13Z
51d6ee79855defc31573e03aa4886fac,10,9f41387f6b3debc56e65a64b31edce6f,2021-07-08T18:07:49Z
34d2d0079cdd62863c0a31a1dd2e356e,10,25cb49f2a890572170770f37485ed3ee,2021-03-10T18:59:01Z
7f2cba7b954cfb8ccc86a57b95bc8a96,10,c55190fa0585fe72c233aa87921e4c94,2021-01-08T18:39:49Z
13f820645403fa18ea5656fecc59cf21,10,af2176961a784add9fe1faf49c0909c8,2021-06-18T00:04:05Z
4fa7eea7f83b0ce545c3883b9b26a52b,10,1a3dcec37e4b38691f772d8f462752a0,2020-07-07T16:39:13Z
c558c4323b344d89445d753113fc1636,10,28c097284518a06614a646d69839b6b6,2020-07-21T21:28:53Z
6cf13e6f0186c1ec8f008d1d17b4a95e,10,87c1c5cecc9b3604631d6340407df4f2,2020-06-30T17:39:13Z
ee89a1dc6ef9ba2c5ba394d39f7de284,10,4f3e79b3a9eb83eb234b121d35ea29c3,2021-01-19T19:36:33Z
a89e2fea6d28ed2f115e9e1841af62f1,10,551b9c5d932fb6ba923620b4f1437155,2021-04-14T19:21:37Z
d73c57b912d9b42794aca3c2fae657ad,10,950c820b3575123582c72cee9d667cd6,2020-06-25T09:43:01Z
907b0d585ca3e2520d5e91d934702784,10,252424fab10cb76a66e3569addcdd46d,2021-01-17T17:44:13Z
eac913ae8f0193d11fd4d8fc47c91c36,10,ad94179cecfab1a56d13dcdfc9417197,2020-11-30T18:50:37Z
77b1973548e500c9c0683f41be20d1ba,10,21b0d3d460d46c84ffa31c48b43cba4f,2020-12-11T15:10:25Z
f668fcbd00f9bfff879b5350f3769362,10,c39747b66125d77829a4018da32477ea,2020-10-12T21:00:17Z
9f1cd5a65c6b3260f95cb237583ffd36,10,7e9a958fa5afe3671994226a3c7caa0b,2021-01-21T18:09:53Z
cfcfd91b8a58218ffa78fb91b8a07f95,10,330b379ed8e0c94d70059286df24019e,2021-01-28T18:46:10Z
c6a6bb834b7d5897978c4d538cbd9d4c,10,a4f286bb2180a26b740b9e3a197bfc9d,2020-10-17T04:26:26Z
9bdce4c2c1b706aa76fef8116e0e9895,10,70c614522695b9cc4a2b2ca3c4ccea47,2020-10-17T04:26:26Z
64ee47f6e06b93c0208e0430db53dfce,10,732d2927f4745af8222086ae77f0fc31,2020-10-17T04:26:26Z
d4c8cd55754ae49c6ed5f42ffea8be48,10,17ca53eab8920bfa21fba6c98552541c,2020-07-16T12:39:14Z
6f6c05ca4052b96ff8d8183737c0603d,10,16a8cd4ea2d57a02191b4460e64fe27d,2020-12-09T00:16:22Z
3682e1b1176a27d0069dcc9d42a05a63,10,bb04a8edb2d364572b4368a576d82f1e,2020-07-20T18:23:26Z
05134d624fe0531b56ce32d324510c79,10,3b5a8f61522bb89c986737a819b30d2e,2020-11-09T19:52:34Z
755366fe816da6d4338f6714ce39d3e5,10,fd2002298b284a3b2eb9f77bc7867562,2020-11-09T19:52:34Z
ad430ecae8a5c684520b72af552fba66,10,4148ddde16983cce07d02b263cfc252f,2020-07-08T20:01:06Z
c7a4f93aace0136ea7de43f602a76a8c,10,f807a88a9ac0af511f26d0a9f005b484,2020-07-08T20:01:06Z
79fa2c1985967b8c75167352cd3b0402,10,f1050cfcef9c2d163cce3f55172ef4e0,2021-07-08T18:07:34Z
6b1c365e158bd049bba7c2726a59217f,10,74f11e32251a724a3080b6e7b3b0b68b,2020-06-08T07:07:54Z
1df3750544f8639db23a25d105db56ca,10,d70653e399583108e995dc9fe874ee4f,2021-06-29T17:58:50Z
59468a69657bda4230a11823036ef434,10,2a30a2bd0f15504b4883ee4058dc694b,2020-06-08T02:53:50Z
4bf33ffac3023f06d392657851588fbc,10,cf1448979c68c8d3bc424c04968ec278,2020-09-30T16:44:54Z
ec5398232a760831086e21f0bb31ff43,10,95402ebccb8bfbd5074c3ab3a2df6791,2020-05-14T16:16:42Z
bc68575ebb5f08660573c1928d12df8d,10,ee93a73c9db9a4867971699b90fa0d2d,2021-02-02T16:24:18Z
76bf6d58088994b6a68fb24d81e2fb1c,10,967af470c713be87190289ed6be35302,2020-06-08T05:16:06Z
14f7def6719b6372508d9f878f42d3c4,10,fd73c9bafc337e8eaeb4f8f30a65328d,2020-05-09T01:04:22Z
28698df05569cefb3650624c020871e8,10,e00a822d6184884d804341821042b897,2021-03-26T17:10:46Z
1bea7e824e2822eb6e4dc92f6d862c13,10,854baf9d7a726b41cec4ec34857658e7,2021-03-23T17:50:50Z
bf05da607869fcf33605fda3fe31dac2,10,be8cbc9d22ed849285fec667e0a9c9d9,2021-03-12T18:55:34Z
8a6a64ea84691f10e13cc980b7155f9b,10,d64b6d29cf085e093f54ca35e1b9ab69,2020-06-08T06:43:22Z
ae6bf2e282ccad7f9db9917943ef2747,10,fd088d3f4c1690d1043fcf5dc4d43f20,2020-10-30T02:27:22Z
2d688a746f729ee844f83d43f4c4eb49,10,49fe86081e94475f5a7e2c3ea54038d3,2020-12-31T21:17:06Z
c8309607096013257bd57fc4e196d086,10,450e343251a17ece30b4af5432d74eeb,2020-10-28T17:46:38Z
2d7e85f277d2e15497aee63a472bca4f,10,f5157cfceb525909b2ca436b1be611d9,2020-08-12T00:48:06Z
41c24be33c3b73a595cc4e21961678bc,10,b996458860744a13337b81fd254dc66e,2020-12-16T19:13:10Z
996d63281bb54465425ab385f5f2fa6d,10,f66f537dbd05cc56fcaa3acf5b4fef33,2021-06-24T19:29:46Z
25d666e7b798e04f29054999301c5414,10,f206a1a9ce9f3d853ee2d76a443cb02e,2020-05-07T16:27:30Z
61600ae2760c89ce1ffda9d54f79d78a,10,df821612eccb22d7447274e7b2746709,2020-05-07T16:27:30Z
983cf8d1cd0c634da79aa38ae5db45bd,10,0b3f407b2894e2bdeb6c2c182de5d13d,2020-05-07T16:27:30Z
b56bc901932cf233cc9d277a98b4e66b,10,1be5312144657f334cd369a8d65e0e9f,2020-05-07T16:27:30Z
01193d5caf98f4f34f6753ad1e7adadb,10,bc516b3401835e49def8d9dc0e8a9608,2020-05-07T16:27:30Z
83d99768b0e544ed9c6b5bd035aca095,10,fd92effd1645d80032a6c31173379276,2021-06-25T17:48:34Z
bd7d87db3e1200237cfcc3e609c9e8ff,10,33470f4694e26927aaff7d1bf1200b81,2021-05-23T15:08:06Z
71a989151c91d4a13a1f7b78691d68ac,10,7bec2cfdc561f2935fdac0f1ce626624,2021-03-13T01:09:14Z
a1d424a8400dfeb1e640ca0c52303e6e,10,a583555efcb2978d0f989c3730afa24d,2020-04-01T20:33:06Z
9c9215a3916335264deaa282621dff3e,10,a85d6856c6e25675d29d3224c764cbc0,2021-07-13T19:40:58Z
ccaed14a5047da61b4650d26c0d0abe9,10,761eb6fded122cecdad83a0df0d4c56e,2021-02-05T20:40:14Z
10019c57edb4ee5aaad2d29bfb8e3d92,10,31b28443eb9b82e3c6209bff067eecd4,2020-06-08T03:01:38Z
bda64abbf61011966548b7371f90e9ff,10,b9c0199736b7779ff6ea691ad6c9e2e9,2020-06-19T17:37:30Z
74df78893692fe12c33467986988933a,10,e29adbf11449f47c822a22164db08c3b,2021-03-22T16:41:34Z
0282c02492877cd1872bfd56b57d88ed,10,73f57bbd03077e2ff7ada3f4c0ddf1fb,2020-10-26T19:19:14Z
1ee363cde300eb156d664f201f50853a,10,ba63f19e68446fc41292cb764bf20c57,2020-07-01T03:49:50Z
67527ba75fcfc92f791883811e5cad79,10,d1149e5e56c5f4ebfe58ee4578bc1019,2020-08-14T22:44:46Z
77998a0df65e345a3dd55909df08237c,10,7aa4718fffbef10a63b09ea5405da131,2021-06-16T21:14:14Z
c018871237bca7422c9435047b1cfaf6,10,345fd6f3108fa6a05c56d5a14fa3219d,2021-05-05T19:14:18Z
96f04a62e140bf31f38bc14f540ade27,10,602eac6fdb60c72e9ca29d189a4dacc3,2020-08-12T00:48:18Z
bf4c04a89d8013d6b8ab3b7dc7073471,10,672ede49b86a154a59a767fc066f8a6d,2020-08-21T14:59:02Z
4b4ed99199acfd4de8893d4ef68361bf,10,8315b8f2638e14a0a3599736c5f674b9,2020-10-20T21:05:58Z
7b69f3d0d56b3ee58f0e11ae16b92772,10,ae113a2c223ac1266ad0d480c0a08dbc,2021-02-24T15:48:06Z
4f250330105e70b346cd3d564b579e0c,10,89ac8978760bab131842cb8184d4307b,2020-07-17T08:15:22Z
3e2ccd6e9faff9d4d137291eaa6cf365,10,67d85544cf82aa28e94c7f06d7ebb6d8,2020-11-30T18:50:38Z
2fffb8400d58675fe0381be0b7225dca,10,ca64078b9bef7c076c6ca6f0b71811f0,2020-09-09T22:14:58Z
52393321dbce67066ed7b8bb02086d51,10,26e1f1c85f293f87d8b02c9233bb7618,2020-09-09T22:14:58Z
c323be634309e30b03efaa54f052c499,10,cbada8ac4b70c4f4f7ed357dccc5e18b,2020-06-29T15:25:22Z
8170f32b5ba18523115d251c981f4f55,10,b071befd0bc3239e67fcc0d8dc8b21f3,2020-07-07T16:48:50Z
da95eaf0299334f808c9cb6111045a30,10,54d09a8a6e0f861f607e7d76da7f4091,2020-06-17T21:20:58Z
fd8e0b9d8be711db028a0a423d28e114,10,e28d573f1e18df277c7b2934927474f3,2021-05-18T16:44:50Z
7bf7819f3d9ce5581530a804bd6c08e2,10,f08ff5a9f8db1da14f6a8c7efee83f2a,2021-05-18T16:44:50Z
9726d29d6a91c4c916547b9b202ac59d,10,c99e2a31ded53f428e9358ca8b86cff2,2020-07-28T23:25:26Z
1d1c03840e089ce84bf0ad7dbdb01876,10,f2f6f1ebe11a547a6607297ac8cca761,2020-09-09T22:15:02Z
c38b37e25f0a59da4fd74ac311f1de6e,10,6954ac9ec73c9b221902565d30ac654f,2020-09-09T22:15:02Z
cd2c7f1414d1213043a9decbf69dfd5e,10,10b575b669650ff85e35521458deb947,2020-09-09T22:15:02Z
c402cdbca7a346b90ff0fe345005aabb,10,1ce34a34bcbe432a3ef05696b052025c,2020-09-09T22:15:02Z
8ca5e544adcb8db9263871e9a5ed2e78,10,76e14d32f8c66e5c07cff35de99bfdc0,2021-03-08T17:50:30Z
9eef306ea5c0d104a656c26c00e8dc2e,10,d26e7e62b6992c23140d250b2fa90b49,2020-10-06T18:08:18Z
40a6294926a9cdfcbf96287f74fbb98d,10,afee3a2b7dbe2d63b80246b4a1567677,2020-12-23T23:45:22Z
0d5d1f15d72e928a9e5cf925f9dcf731,10,f7f4d0a76c299ec83e65aeb87feb41a6,2020-10-14T22:07:14Z
d0d5222f84901f568309c4737e1c717b,10,34415076d8c089bd5714efbdf4ba26bf,2020-12-10T22:25:30Z
4b0859a3465557cd0fa8366d97721f04,10,c1ce4b9b4d9bbddfac1acb45fed25fcc,2020-12-10T22:25:30Z
7e0fb294202130b397228016a60a92ba,10,78da562fa4412e20d335ac74c7baff0a,2020-07-16T06:35:42Z
d1c11cfbbfc574a5797d290b0fea7cad,10,e57554d7793016f117f160a5f0e5bd23,2021-03-26T17:13:06Z
952328c566f75d482f14941c3c90d55d,10,66edaf0622b63b6c9673811bc8c41660,2020-06-19T15:13:38Z
b54ece308d3ab804b7ef6fac3642dc41,10,cf57e3de0e356b5d9e677664fb26a93f,2020-06-19T15:13:38Z
410dab462fe6eff56bdf0744832fbf41,10,5ec1d885f9ad2144c13cf6c49ed2fcae,2021-01-04T02:05:30Z
20aafd8e2af1b2e8c2801676c830efea,10,77d9930bda0f6b7101320ede51bbcf31,2020-07-23T05:45:14Z
a3e048b3a5dfd61563051dbd9443114c,10,edf0f7ad9990c47c72e9898bc6280636,2020-06-08T02:39:10Z
f88e4f38c4cd202dca57861293cf5bfa,10,ef76c0e88f15f41e3415626a1a9b4750,2021-04-12T17:21:54Z
6eb3339ab1cac02cfc608224ccab9a26,10,16fa0048caa5e9af0601b74621c5f865,2021-03-02T18:06:14Z
13d98633245e8cf3319ec1ce4147b5c5,10,e1f78e7f3f05b03f62c276a6c600c672,2020-07-14T11:34:54Z
0c7d04fca3dc85932abc0f9740c281bd,10,3e31525c6b94af5dcfd2c6adeb1a2228,2020-05-29T15:24:50Z
d9e915afef8fdb047e2ccca3426f730b,10,8f3da615e08c13cd8a60dc06349cf0ac,2020-05-29T15:24:50Z
1fa7bbbabebf961b0d08ee38921d22b8,10,c94cab9c1949a6c9198e1e25282c546f,2021-02-16T20:19:30Z
4885187b8f6b1e0d66f8366b8a3ca8db,10,0731f3ba7da47573d07aaa30f5ee6c83,2020-06-30T16:23:42Z
dd2444568689c7093e37101127a104a7,10,829accc7339fa7085aa89edb81566064,2020-12-31T21:17:38Z
e65d37687d3834fd48ca8ae301499d50,10,cdc7ab553ebd2168c35932800c886df2,2020-07-27T10:30:46Z
4b024f1809ad32b68a501558f5df7d41,10,fcfb0c44c6c8b93177dbaca23b0b6255,2021-02-23T00:18:02Z
85dfeec4768ac145c1d3153668b7ac78,10,121f8d66aa9d0ef5a73c8304d2c591e5,2021-02-19T18:29:22Z
56e9c02973cec58aa81cc6b17d664eb8,10,32736c73add775fbeb837bee87cbc92a,2020-07-01T14:02:42Z
25e92ada7b98722d4c88dc8b4294a95e,10,a9f8a26be3c5c76ac1cf823db694f634,2020-06-21T12:36:54Z
ac63049e2ea7a1398496e6bda282b41b,10,5cab23ecd8b8258e97dd55db5c0eb930,2020-06-21T12:36:54Z
26ffed16cb90e4bc719a1f2f54244f13,10,3b387e7891d739ec30e2ede81155e2fb,2020-06-21T12:36:54Z
72fc874f9d19eabf6f650862944e30a0,10,e6ac3db7738f94bd42f9533741532aee,2020-06-21T12:36:54Z
6928281fe88beff03cf52b158c3cb419,10,7bebc2ecaf4a53a1e14d7fe7e42b8238,2020-07-09T16:43:54Z
c7c9b897cd5d489c4a775f1bd75ecb39,10,fea67dee1c0e4c30cd3e990b856931e0,2020-07-07T16:22:34Z
f3299b5a4d776125fd9ade7e8fba8362,10,034d5e25efe9c4255a1f7c71222e2b6b,2020-07-27T09:58:34Z
c20c78f826c01e478e2387a841bd7675,10,ce991d602312cc61dd9acf3079072a70,2020-07-27T09:58:34Z
fb2729bfdf2698ad7b3aa4972d5eb706,10,513b32d8f733e374810609aa4dad4f7a,2021-03-23T17:49:34Z
a73ad47010d32ca4576ca8e5f83880f8,10,1fe84638ae0355f8056e7a0b16bcc400,2020-07-30T07:30:26Z
9e296b024d178bc7db1d9ef17193b445,10,ed634438c53018401722d083a24bf030,2020-08-05T20:48:18Z
b09e127638fa85642dba08c7d3016d51,10,0fdfa223602f0549e0a2d3214e96b9b9,2021-01-04T16:19:02Z
cf6f34e57b5aa6ba66ba1a12623a482a,10,3b8cd7b13ac92f014e976579750e8ab0,2021-02-26T16:38:14Z
e59106b89a38ad8624d6a0209e7a27e1,10,0ae3d0f688f79e5f08868befbc3a48fe,2021-02-23T00:18:06Z
2e21afff71a1a4f3bae469330003a899,10,58305fc3aab3b01c2b35d1d234141059,2020-07-26T04:59:42Z
fb140e72c44c20aae97c7024ec61e96b,10,07afdb72532290dda5c3b86683e836a4,2020-07-26T04:59:42Z
33eb848f717b230a0e41a08da08b90ea,10,f1f56b989ff6c10de9e3deef54baeb5d,2020-04-17T00:25:42Z
76b02d4ecdb8db634b8c46fb7e0c9166,10,4879e4d3a99de3e39678c5cfaa164827,2020-03-25T15:39:02Z
458fabe74fda707996d7be8006e89b55,10,42405d00a17b8a2af376287e84cee796,2020-08-02T03:12:22Z
eb22955a9da704bc85f36b322c947715,10,ae260092a271032fbb61492ac49a7ae3,2021-06-28T18:59:06Z
e4801dfb922d3d680e3acad674b5428b,10,3b1dba820dd3ea5707590d78cb6beeaf,2021-06-07T19:17:50Z
cd0e2b0f67cea7b7e367ea5b7156b77c,10,67b97cbaa9f0df3f659a5e62ffa228c1,2021-02-19T18:29:30Z
3b920ec8ff2aec1e164a96f47ce0f65a,10,2c2e5721aa358f7699cdef42bd7d6320,2020-06-05T17:06:18Z
a0836019d10425a4ffd390ab34b13e48,10,9b8797aa71a0e75d90370adaf20a09c1,2020-06-05T17:06:18Z
b7ca48c2fde5e5e00a2d566c80a488ee,10,54149734e9fd07782a48079040a8b7c7,2020-06-22T06:53:06Z
3829310b477cedfe8420770aeedbe375,10,b5a0df73c143636c30a52ffe4703d38d,2021-07-26T21:50:46Z
5ca0d691ce59e9f3464da01e61e9ec2a,10,0b93c0e916b1c014a2fa3a7f9b808b87,2021-04-22T18:57:30Z
5cf0c2f9b8938351fc72823a78a9a2be,10,f6eccc2ef582b1085f886a7521f01bb2,2020-12-31T18:27:10Z
6d3676f088c26d8ddb5a1bb510e543a0,10,1d1e2444e5241b8fe53f06001a3b53bb,2021-06-02T18:49:14Z
49e0a4846d248131f4b9ea5236c43b8e,10,d309cd3a148d4dc6d07647a32afa893a,2020-04-06T17:56:38Z
12a281f2f8e57b0111e69d19a9ca4309,10,b12310da0c02c2d663b2eabca0dd903d,2020-10-30T16:20:38Z
2fc7421a5cd951dffa700656ab26b1eb,10,13883edd86e1dc866fbe5d185d35e9cd,2020-10-21T17:42:54Z
8ed9b4363cdbc64ad6bd57db5cbaecfd,10,c67478a544e0137edb219a0a76fc46d9,2020-10-21T17:42:54Z
bea980fc42f62e677caf0d4fa5bb842b,10,ac5a0f208337027bace76fb965997b97,2020-07-27T10:32:58Z
fbff0ad707b6da1bed7e74301fbca91d,10,9eea8d46a9bfb24051d127ee9fd60b1d,2020-12-21T21:06:06Z
11b3b103a60304b9e6740a2b552cea70,10,6d0f29dbc86a3d3a9405430760a2fc66,2020-07-07T17:00:46Z
529c38733dc2ba421ed7fe3b8603773a,10,dbeacbde77b4f31c0ea256fe01d33bce,2020-08-27T19:36:02Z
f41812775467c1b054f81859a2eda7b1,10,06a5ee6bef243cb79f7bf21efc956c8e,2020-06-08T05:26:30Z
8aa0663372f30531136a345dda38a722,10,55d4d236584b72727646610e5f2192d9,2021-01-26T20:00:42Z
031d5fa760bc2f233cc35dceeadc98e0,10,37177cbf74fb226fe9102c16f3a94b14,2021-04-21T14:25:18Z
c1054b503cdae8368371cc4277bd7891,10,a76d316a8bd83ae5871adee571615fdb,2020-06-05T06:48:18Z
5af376018cb3a177336b89f59b57bd2a,10,54a371677279b83c4c0711e2f0509fc5,2020-07-13T06:51:38Z
8223643a02ab663e41481e647c09a293,10,337645f5ac6876da35c7283da0ef19e4,2021-01-28T18:45:22Z
a52a2a51048c9fe3a687208c68f91056,10,fab9fd636c9d14fdc35601bbf28b76e7,2021-01-28T18:45:22Z
22705e462908fe77c14d21945de35d55,10,db70aab7fc07d31c057ef47cc4f9e78b,2021-01-28T18:45:22Z
af9312257d53957fa98c5390f176d88d,10,b6705653b06d442b7b654532bd675626,2021-07-21T20:40:34Z
daef59ba4d0ee3c6ae95ef8b57255e56,10,c7552171fc39c5ae7cf3bed696dd7169,2020-08-13T17:37:06Z
b60812629ca75f5626824a07a3c840ab,10,f2c269ddd23efba22579872cc353bb8b,2021-05-27T19:20:14Z
64bdc6edab44be9fee8e9ced3fc3fa2b,10,b001fa954474577e5337271ec8609b71,2020-06-30T12:15:42Z
c7468f2c509b4adc9eea5593005debb5,10,f52637897c4a8b775aa855bf7a90124a,2020-06-30T12:15:42Z
2a12e959733562d17df48ece789288ff,10,90ad009bc76e9c731dacb31a76234e57,2020-06-30T16:14:38Z
87e4522dfd3b6266c42477e27540fa46,10,939dea2b05820646bae1a3f5f7287ff5,2020-06-30T16:14:38Z
7438f6f3cb207b9560eb2df6c9979bd7,10,87fc5b3a8951742ce31358b6d5ab649e,2020-06-30T16:14:38Z
4ad733240fd9320fedb8e7764b0418ee,10,c10594456e7b6e62d53a1518c7c5e63a,2020-06-30T16:14:38Z
ec3750c8d0d78882842db6f5015e01f5,10,d9edee78250e019f3dc68d8cf83e9f4a,2020-06-30T16:14:38Z
7fd82baedc15af9ebe74129d5ef4ba5f,10,7f0a6ec150163a6444318086e39a26fb,2020-06-30T16:14:38Z
7c239a65a5905695a4354c310666184f,10,f31244aa8e624a5f1ca0b1dc8474f571,2020-12-23T02:39:14Z
c046696e000b4eb0321e6d9acf145dd8,10,f17bb6c1061c31f4768fdb7a19567674,2021-02-10T20:39:26Z
6def48094a9ed905c7868dd19ad9f1cf,10,7993679b53fd861d78e1d687dbd8cd6c,2020-10-06T19:11:30Z
0f022b0a3753b4ee6c82f043f23aa6aa,10,377e6ea4a6b83c54a149497c3eb5d3ce,2021-04-08T14:15:42Z
778c06ba56087cb37ded5d27a8241102,10,3dcefd90659125feffaa529ae5683915,2020-07-14T17:05:26Z
db50ab64974992580f3cdc5afeebf36b,10,64f70b039669c10f570061f4ff08e7d3,2021-05-05T19:15:06Z
c07241f6666a6d69bf4ae5eb70ab151e,10,2fa3b9b09c526ed50f9cc0958ca0808b,2020-07-09T16:19:42Z
5e2c0d83d89c2d5f23da63becee5758b,10,ea9c6683b12261bbafd45a4a8f35a081,2020-07-30T07:19:30Z
7af7dbafaa6d4f894d1f6a993eb7916c,10,357a02904eeaabe6168d41d03668b5c9,2020-06-05T05:42:06Z
0c4d103cd58b60aacbacca41d430d08d,10,f7ec13bcee75a91d0a16d6d39875a181,2021-01-23T08:23:18Z
4fcecc7fb8a9e6f1cdc96b2e304c7f56,10,8b681dfe05969c3abaee312d567354f7,2021-01-30T22:08:54Z
3c0a89b412b804e25a06ca53e4132224,10,8a6eb1e040fe0fe7839678c2d7af0773,2021-07-12T15:58:54Z
b53d8d2d15ba7957584051b2fe973f30,10,578b109c7ce119ef0afc869b1ecff3c7,2020-09-29T17:09:34Z
2649d398b2dac88f618f86cd98150264,10,41c5683353179c3476b4ea0fa6ed9529,2020-12-31T18:23:46Z
7bc43421b80e6c8cea5b6b27cb37d01f,10,6442efa55671b155e732111d1c04de1f,2020-04-30T05:58:18Z
9260a7c9d38c77c28f87b1ede1e812b1,10,16aa73552acacfaccd2e2f6a2257ef14,2020-11-19T20:13:18Z
2f110e4c938d227d13b3b49a7f978860,10,48504f17959266b6ae797d601b4f9be6,2020-09-10T19:13:06Z
59899d9467f07e4b8c23943542816986,10,b0ca22a47542fb4d43dc757a43d70ad2,2021-04-04T19:29:42Z
250cd4b7c9ddc33df758be4c19b0b5ba,10,35f9e5a1310699369c7d046571e93751,2020-06-30T17:34:30Z
8bd4248ad0d1adfbfc6245339df229b2,10,d7c5574b6baccfe3b05d32414d8f4199,2020-10-10T04:59:18Z
9540a5df869837108de0300804015352,10,6d1b3f17111259216b7d4b7860a6febe,2020-04-04T10:55:34Z
8c57bd2dd32d93148a2555d4835dba8a,10,ad0a6047a127b6732e8885050f41a987,2020-04-04T10:55:34Z
d31a9e47320c707b8125c69f4ce87d05,10,d1498266a038e5884ffda4f5bf9319a8,2020-07-16T06:40:18Z
f11ca8308bf29af32303aca6f3657002,10,6db31529e5a5990301332c09bf723530,2020-09-15T22:07:50Z
a1a69356137a2548689848a2956cc8bc,10,d0ec8af25482ea6b60e435e55c18c371,2020-06-09T04:29:14Z
e9cb8234b2eb559b1599f8feef4433e7,10,71572357b9faa804f27aa1d33bef2e2a,2020-06-30T05:05:30Z
8d1fb75bbd03c50ec076514ba2c671da,10,e9eccd842859b5386c2392e061806f39,2020-10-10T04:59:22Z
24ee37769d8635070a62b9e93433d96d,10,9fc0ac711c33c08a5557dc60e26dcc8c,2021-03-02T18:05:10Z
aa48c46c012f63599dffbe5afaf48906,10,c04c779ecd49e781cd034a9953cc765f,2021-02-10T20:37:50Z
972ae53e868fe1c79f74f5b49aad497e,10,953278e89518297ba50cf586a8507d9d,2021-02-10T20:37:50Z
6fe76c9b7606848f0a1c3d8a29919d4a,10,6e463152cab2cc6ee4ef42e9d29c5a3d,2020-07-07T22:02:42Z
1d4e0f19ec6e10098f65f27a2887a29f,10,d82fd6666941b35b7b4fa95f279dd230,2021-03-27T04:04:26Z
84501c3e0a5f0f7d3b70d148c9839bdf,10,15c1af142a2b3c116aeffad5ce5e7dbc,2021-01-06T17:24:42Z
3253f4de0648a9ddd8b490ba24a29bc1,10,8ff078d1a1e2f6a3a408bca458f54c30,2021-03-18T17:46:18Z
db260d8eced95f12d8830657bb02f7b5,10,eb4fec0da4a5bd57982707c1a98953c4,2020-06-10T14:29:50Z
290de6c342b911843c41f26ae7250ae0,10,8f364ecc6613fc9ed53c40f932ca0273,2021-03-08T17:51:34Z
3351322548312fdb0353e160a10463a2,10,ce7439a8f40eead17504b99ac0032cb1,2020-10-29T23:49:30Z
e428bf72b91617c823e75c8615ba2a50,10,8223a7bb29c369513b5eae00de5cb0ce,2021-04-12T17:22:54Z
e246e0cbd7ee18a691a83fbe7e27ce21,10,c61e5b0aaca9e23f28061a918ecfdc2a,2020-10-15T17:32:38Z
731e92b2c6d70124adf804211d27a4ff,10,a7abec9c37798592b7fbea8178c41539,2020-10-15T17:32:38Z
c4dfdd959a0b51ec82c5cb35860279e3,10,d289433fcc1fba7ce179620caed2f2ce,2020-12-29T18:59:38Z
52bb68f1abadc598b1d5cf0ddf915403,10,bff7859f6c978bfccd1b9b49c69ce46b,2021-04-02T18:38:18Z
eca6f36867299881859521c9960a0559,10,b6167fb9e42130d527bbcf97cf3e90a8,2020-12-16T19:05:06Z
77b30832472a0ff630f5fa4ec49a0fad,10,6f0efd58b0d8f8933b122f5862e2e1e0,2020-12-21T21:06:42Z
5c33acf713e5d044bc90c15746d5ecc4,10,9d4e2366522c5cd58ee473b4758e63be,2021-02-19T18:28:22Z
dd00d8c227ad98fa42880a6809bca93b,10,1df1fd55cd43b5de1ff1d3d4a3148974,2020-12-21T17:15:22Z
ac2aa75b2296df6957ebbe124300857d,10,55f0822b28041765997b58f3c815ec15,2020-07-17T05:54:22Z
c8d6d8c77a34666d60467bfb2b87ac12,10,49c04c8755ed322cbc8870a77ef6ada8,2020-06-15T21:50:06Z
67df29efc778ec1e27523cc49a742476,10,142ccde1b5c8b55c48336ac98c7f156a,2020-06-18T05:38:58Z
f7d3d8c73303ffbbf8813b5c5c8d2c7b,10,58d8eb62e07c6f3ac5454f5bc52f2805,2020-08-31T21:54:10Z
e99ace24c32f2ad454269ae4fb234744,10,6331e925c648f124236f915f45a74ce9,2020-08-31T21:54:10Z
f5bd627dccc0c931d371c5d10a442b74,10,8d87275c65a6bd45f1d0d4a45305403d,2021-04-28T20:28:50Z
862581b8744d71e963063e17ce9d2467,10,f93b9b72066111fb6a3861cb98d6aaa1,2021-06-09T20:19:50Z
fecf7b7495e1018da0f4646437145e2b,10,26025d0a5b1fb2509add45f7afe59cc9,2020-12-29T18:57:50Z
fb1816268404b53eb9057c6972b4c105,10,ea0d8e81a9eff48ff35f5bbab8a65d7b,2020-12-29T18:57:50Z
4d17bc444a1b3a93097077d443cd1f82,10,a42f9896a8881c4fb1087d8366bdf79c,2021-01-21T18:07:22Z
264e8afabd3d17b7585aafe0074e770d,10,300abd6972ffa2d67d425506ed9304ba,2021-01-21T18:07:22Z
3d354267b6f24c24277748bb5f27b075,10,f2dc5b6df95fe9a9003373bc3330a1d3,2020-07-30T14:57:02Z
cb3f24b2b4acbd5386e127306c5e494e,10,a03557353bdbb73f1f95ba60934ff926,2021-06-29T18:00:30Z
1f6c74d70641010e6bcef0ba66a7351d,10,8e9ce22fd270b0c05a5c2d0145ca74a5,2021-02-03T03:42:54Z
c77c8c203d5d37b04054c50bafe26bed,10,bb6fd7ab43c5963864860a6731020b93,2021-01-17T17:39:54Z
577062079ebb5acca3f4f8d5aa7806a3,10,5be34376b8e57a2fe542462f40f09fa3,2020-06-08T06:39:18Z
41c47ebf421ef8b92edf57c4a505b5fb,10,d84d8d2128109f6239c051f23955b5d1,2020-09-12T01:56:46Z
08e760992cf7d05eee2b68dc854151fe,10,660e32f973b98a13886aff297fda8bf9,2020-09-12T01:56:46Z
2ef60ee8503e6ed25feb8ce0c5f8d6fe,10,39baada287ae424c175381e1be2ed3f1,2020-08-26T17:58:54Z
9d8c7efe2b05df04216a534899498796,10,7de5fc78f0417a2e1b67489265c34c48,2020-06-19T08:30:58Z
2189ae5279baba91e6616b3293c71e4b,10,f65d638568784a370b110d271cb69f16,2021-03-09T19:29:42Z
ef98d88bba7cd16df9b57b204d1858c6,10,050ec086e07cf72f9bf55fd7e5b27f46,2020-07-07T16:27:26Z
87ac9b69ee16ee27af7fe9d6e6077905,10,24efa1b5809568bb3f14cf453f5cfe85,2020-07-16T07:35:46Z
68d12d3354e502a851fc4be8130a71ac,10,1a80ab592bb8a2c2c6d6baa915e70df2,2021-06-25T14:46:14Z
87b34076f80e06fc2f8caaf8d133649c,10,83603061566186d606117427079d03d2,2020-06-19T13:57:10Z
ced05ba9eab9e288e359273ffe9c83e8,10,e398a3c66ec18fe822bbae2815e82b47,2020-06-19T13:57:10Z
dcfc4f7b639b98de4e002c6bc1af9e99,10,7265b2bcd216a96a7a0fb8cca65d4e94,2020-06-19T13:57:10Z
22d6ad0c518cdcbbb5d1d910afe878d3,10,b26eae4a0f7e3fc2889b8542cfad4151,2021-01-19T19:38:02Z
ecd7ef53612edfaa7e62b84841106dec,10,ac9c5702030a7617642aa47902b80f46,2021-03-30T17:58:58Z
d729b1b7e42217ff184883391e572c12,10,7d3dc8407fd08f438be2cd32cde31e0c,2020-07-23T22:14:30Z
b2c2bd6f29634e3dbbb6b874d452414f,10,8c04dfa94e5fa45b2c4b212d9e228ee7,2020-05-05T04:54:38Z
00c134fc132bc39dad519f9c9d9c3877,10,65c9c0b9830989b63eda2c217c8d2af1,2020-05-05T04:54:38Z
b007f7842e729be3832965b95a879aec,10,377bdfdf7ca7145927ba96391cc4dddc,2021-01-05T23:18:03Z
e09bf1b85a6deee1958ca34d1ef20efd,10,6c66f459ab7652d5e55c0e9a5aac8ea3,2021-05-03T16:07:07Z
fc6a409e4c1a4c93ce273de182d3801b,10,cb83d2bc637c7f64df096794ba740f00,2021-01-15T00:06:39Z
34ceae1db8d900be21fe2613c2c23bc4,10,d6eebe7927e6ec71e986795d4984622d,2020-09-14T19:16:03Z
55214ebcfccc7b3c7610388c3da73378,10,233b32187356a7613892dcb7ddc13660,2021-01-30T00:16:51Z
064f8fcd2f75c931b7f3012a52a21a18,10,fe6ad2f0124df2af024c60b45a3c4925,2020-06-22T12:38:47Z
f13a2d00c42ef79f205b5f8ceb18cbcc,10,c52d5e62977c4dd1c3f97da84bcd8ce3,2020-06-22T12:38:47Z
8ffa5b0b33178110ddcd16cfffe8186c,10,6c4adbe041c164151befc1f3410bc872,2020-06-22T12:38:47Z
6748f2e0372417594195b85367c22387,10,ae44b6a538d25cd501ba27eace9cfbf7,2020-06-22T12:38:47Z
da7b6f3bfd743e4458cd3cdcc834ee74,10,2eefb334f549b92e3f6b6a9f574f49cd,2020-07-09T00:39:23Z
12344e86f07d2dc75875f42d3168f0bf,10,964b56d4b7731e319000fbf7c9492ae0,2020-06-21T12:18:39Z
157f46d7b2077d0efce8f12f10a1e1e2,10,8842a10e0f22c3e7487f9b7ab1bb347c,2020-06-21T12:18:39Z
3de0a2deabd08dca8f2fe69d86947162,10,63142115293b0fa44dccd1653fe2d08d,2020-11-10T23:54:07Z
f60d7c8e72076583f70e5b4a9c0efba7,10,7ea755f1d77cde2e23345dc0fdd3dfeb,2020-11-10T23:54:07Z
cf5c82b336085035be79c55be4f4537b,10,4a34acff038ce998c7306e0eabc6ab4b,2020-11-10T23:54:07Z
306cf50e92464247769675287df5e3ed,10,38b36251d4958a4ea3c7c3eaa404d99e,2020-11-10T23:54:07Z
d6206b75f6d000875dac1a6158cc8ea7,10,08c9790aea6bb0872c4221795f9e3c17,2020-11-10T23:54:07Z
87b1e91a3285e6951dd6fdf9787bd82e,10,8123260600d7a52b506d4b6b5d742d8f,2020-11-10T23:54:07Z
9213adfbbd61fe803ba57c50868c050e,10,d8608830704dd7f6b5b9f3c2b354ce4e,2020-05-07T15:48:55Z
ea76217403179263b9a66ad0a4f8885f,10,dda0b420e9afabe98da6b73fb6bf3a69,2021-03-20T06:10:47Z
663fd057803ba6fc30497e610d2af31c,10,8510ccd9f4bbbd2348b3ba95f45a4a9d,2021-03-23T17:52:11Z
7762e8bbe32ee799da41c75709ef2978,10,f30916bb3c2d791dfc5188e33b39008a,2020-06-05T06:46:51Z
48d78617eb38777cf5dbbad535c95b07,10,6485f542d40ae1b346e5a8d6715f174d,2021-04-06T18:03:07Z
f0b7948eec0f315c790a38ff1a269529,10,d66fb41d419a5b1b5de039c917d22418,2020-06-09T03:51:27Z
7b6edc7de02d46fbae3f833eb4ddc452,10,67ab02cfeb8564c5db7ae9591af811ef,2020-08-07T23:42:07Z
3c2881ad51d4be65872ae390469d03b9,10,24c344ef64d254388c040573189e2a53,2021-03-12T18:53:11Z
9634acf972177c8763df66c0a67ca406,10,be8ebf2a608f31053ebc3f43736c79c2,2021-03-12T18:53:11Z
9cca5aa64b14c0927f053d51842f7f67,10,c6943702404ad7474459926408b4d38e,2021-03-12T18:53:11Z
a9b5665cf8b33f56e20762128b369e95,10,002c18c41be2ab22e0aa436939209546,2020-06-30T16:30:15Z
fc58426346b6690ebe92319871c6f425,10,668a855cdb26b557cfcdb8b4b90985e0,2020-06-30T16:30:15Z
5908cf74a845fb2a8020b44616472bed,10,70546ae8b98a600b89e1118045b1ee39,2020-05-30T17:52:59Z
9577aa058d6eded69e0e9419a04fe7aa,10,a9731361ec70706d049490aa9b32a9f2,2020-06-08T07:05:39Z
da0687df493744663bc3ef41c4aab24e,10,0cb46a814cc83c1df89dfb323138303a,2020-09-24T18:06:31Z
bce80e8142b38503b3df6fca948f9409,10,5a73fb76b9303b3b5d1e0dda42193d09,2020-08-24T19:42:31Z
9fca0bdef742ca1636dbe1ddf3adab22,10,b6423999f0e4e9359aea0fa2a8665428,2020-07-21T21:37:43Z
d709b4e19158f70a68ef0582900c4003,10,4bb83ba163dc2285d0556b4854396f11,2020-08-01T00:23:11Z
446da9be055a9e7a96f58488794575cd,10,f4e2dcb03af7e3b5fd32affc325236b0,2021-03-03T04:17:51Z
13af1ca8b31cbf9a71595a73788cdbd2,10,af1eb4604e31d4317936888d81aa419e,2020-07-09T03:35:55Z
d975bd41ed8bce9e63e6c6cf1eaf1250,10,edd1d6da54c3b62f7522cf4f800e4b3b,2020-07-16T06:15:55Z
cc4e538b2181e34f635808cf46d50cd4,10,c15ed52e6f0a6e5e9efe2ce47b8747aa,2020-12-18T19:01:47Z
f40e4a264e35ccb7c6954eb22061ee9f,10,87c293b676803b991cd208f84d4d116e,2021-02-17T23:36:59Z
b7fc54092e6d102f4cf981ef5af33e06,10,110e4ebeda0a0399956728cb560cf5cf,2021-01-26T19:29:03Z
dc1182e3006a43a006dc3d65c9bc29b8,10,b4f57e55987cc3a7473f68ea5c7ffd74,2020-05-20T15:49:19Z
63ddc0a423856680e5585f32843aba1f,10,1b79766df4820964070ddb70fd4b8917,2020-05-20T15:49:19Z
ed08e9d337a67a96160892b5bd553fb0,10,682ff612660a6abb3add8e00db6404bf,2020-05-20T15:49:19Z
4d682e78755f3693e54ac61208f62709,10,52b825ba8675fb927fbf2ac7d085a9f2,2020-06-29T10:28:51Z
68dee1a6fe791abb3dd22969bff4a141,10,852a5b3d1b579bd7248f0256be1a21d5,2020-06-29T10:28:51Z
7f788198e4c731aef974a83b81fa4d34,10,b9ff6fef29e899ac9e33b88748f498af,2021-05-21T20:12:27Z
b67fd579ef3a28cb73219ab7e9253b9b,10,3f80b3cc11b66d268d6a81e7ef6cf037,2020-06-08T02:44:03Z
5487762da86d3a8feae9a945b86e6f23,10,15a843ed608e4de29f150cead39dc6ab,2020-06-09T04:44:43Z
82783cd435b10f9ec79b1a6dc5f73879,10,9bf00617641760c03663fdb6b8603448,2020-06-09T04:44:43Z
7736d26a9bbdcc08cec5c5cd187cbc5c,10,05e6b9cf90cf030097723bd483ba73cb,2021-05-06T19:33:51Z
d29997d8fcc09038a3b0866cc304043f,10,35f6f0334120369bf7dde3847cc127fe,2020-12-16T19:05:11Z
5341208252a29a265bc533721de65e4f,10,651a3961e3891e190966e48912a76f63,2020-12-29T18:57:51Z
e2a864f4ceb92de140ce74429a111418,10,b98c661691962ecabcf654eb2ae94ea6,2021-07-12T15:59:23Z
6d0c0b6eb2fd90ec7f93cba3b7d810b3,10,0f4fc7c60b0b4b121719a42761c643d3,2020-10-13T20:30:35Z
bbec81b858c3e745d57bf89226d58443,10,f37272724cce95cd18764ae43daf9af9,2020-06-30T18:03:23Z
58add54a8c0af8707faf3fe4d70d7f68,10,b371c1770a5d4a1b5a311f4935427cdd,2020-06-30T05:53:19Z
bec4192be1797669e4453905a5533d15,10,1f7be63374728e030c5fe31781358554,2021-01-15T00:08:55Z
7db5d5c0f0aa4031a544d82059fe6c45,10,179d4f6258d9a2c2a5bbc04737798d9c,2020-07-20T22:08:59Z
6469f1e0c27f61c5e7d8af0c1448dd33,10,277dacfff68f118c3534f40e39fec5e0,2020-12-31T21:16:51Z
1d3d65c29e5679461acdf27f1522c28e,10,be14e3055ea38b02b99ab19ee3152595,2020-12-31T21:16:51Z
c41372ee241e91b880d5fe1c6347e3b5,10,fee91cd3e421881c39a801935cf23be6,2021-01-05T22:55:43Z
ecee33eac638e30094fe094f2ba1f3de,10,483f7a6b25614cf691ee8b4cc56ed953,2021-06-25T14:38:39Z
a89825eb94ab03d438c05d0b44aeb651,10,185cf3d41b46d2078b6f019d1a1b5b5e,2020-06-19T13:57:11Z
c106fd8feaf5d63eafedff475aa1c448,10,102800ee533a5e6b129cf081b8549281,2020-07-21T23:54:31Z
0d0d54af49f260beb314c980108f31a2,10,8ab7cb89cb9a61cb9aa8770443df6a35,2020-07-21T23:54:31Z
9af03e0667477e2a40ccfebc395ef51c,10,a2c7a82e2c30a947bb5e5b1fe66c7b6a,2020-07-21T23:54:31Z
a25ba4df1df456a5427d46420856740f,10,c16ef78d24cf59a3f2a6ed99f4ef779a,2020-07-08T20:01:03Z
d37f001c74b8962dc12f92109d800cfd,10,6408a63e9e6eaed8f68e226f1e10c285,2020-04-11T02:30:31Z
64b61435ebc2e45dde2d7f7ab82a9e50,10,3672d2449f33a076ebe0ebf381d1ab18,2020-10-12T20:59:51Z
68f2f2209b10aa9882432a2a623844d3,10,4022a53d92c2519bab539d4e2a3651aa,2020-05-05T04:54:39Z
d812da6f3af78af477d9c5d93a7410bf,10,b6ea03217fa5cf4c49ed0f0e38001763,2020-05-05T04:54:39Z
36d3c6d7d562366e57097c5e428a5b2d,10,def1ceb965a90ffb3658e84d21b996f0,2020-05-05T04:54:39Z
dd68460dc77f7708254eafd6d4762293,10,e85442b383c4611bd979510aea77391b,2020-08-14T20:12:43Z
6e697aaba0533569dc356a1c355bbbc9,10,89abf49d2b2a189e8b2408a78fabb1f7,2020-06-04T15:16:11Z
fb43888f9007dfa702907240643ff146,10,fb2e0602cbc8d6c700a0d1a8aeffee6b,2021-02-04T17:42:27Z
6177199e0a6014c119acf14959b9a6a2,10,c87471fa6306a164aa1d61220009654b,2020-07-08T20:01:07Z
9b4fa189a724e9fc50d35d485e137f3c,10,7017868c834afc55878f70f4ce949150,2020-04-05T02:48:07Z
30b185e608587dc6ce10dd4dbcec5ae5,10,d8a0b7b7f7a2e27f9acd96c113ff6051,2020-10-03T16:33:15Z
c27a94ef0ccbd1a9f9102bb3f250e59d,10,87c395158dadec06aa4acc156093bbd0,2021-03-26T17:10:43Z
0533f62c5b8fb8a0e490350fdddfdc6d,10,f7fb57fb6babd464c824ded8bcfd530e,2020-03-28T04:11:35Z
ef7919992664707a57c2862a3efe9727,10,0b79bb718567a60124f27ae741c5ba74,2020-03-28T04:11:35Z
8756dd92424d577e94bf20cc6d8ab0a4,10,8c245b268ccd47981fe77dbd72d63674,2020-06-25T21:47:07Z
2706eab0f4468cef7d96c48686ed424f,10,fad542b46ebcf30313909dfa8d1ffab5,2021-05-21T20:12:47Z
34463fb97fe677da31a2af401409ef41,10,8bb77aa68d53aec30dc3070fad7cdd1a,2020-06-25T05:28:39Z
726ebace98f6e722f3bdbeeda41ec74d,10,d8a0b7b7f7a2e27f9acd96c113ff6051,2020-09-30T16:44:55Z
6a7a1f947d13282225236960f5ea5595,10,89468e5499590ec903dd2475c1a80897,2020-09-30T16:44:55Z
395569743ffcc97d9f3ab674e168f831,10,3b8b65653db088f2f60fa912a560e645,2020-09-30T16:44:55Z
fffa99b7dee469c05440407bfa8ee74a,10,398ffc8832da80d9c6a764db6e47f85c,2021-03-26T17:12:39Z
521abaa217a5198135b74a21de37b5c4,10,e4afbc6b19fb169fb7f0caa39aef55e4,2020-09-22T23:38:19Z
f71b28481c77505d778479387dcf4ecb,10,ae69fdf113f1d70ca0e643b6ed5261c4,2020-07-17T10:52:27Z
9aa81ae96f98f7d22a28f0312c83e7e2,10,7730df0d4a9a43b3db77366af55a5228,2020-07-07T10:08:23Z
8494d226f044412fd0eda6b79a18013d,10,8b07ab0211ba1343ea18c09306b15001,2020-07-07T10:08:23Z
a18102f68e460811a40a17b36b2c2b36,10,43ce5499bef877e231235db93a886a66,2020-07-07T10:08:23Z
689bef22489ea1b1d867a82a538f7dac,10,8419487b1265574471bc606c3b4c3d62,2021-03-26T17:10:47Z
5b9306ca1c8b58abb4e99f86bacf2614,10,f871fd899c72c7143c89b8edec48dd4d,2021-01-15T00:09:11Z
d0188d3d02f9a11ef317eb95609c50bc,10,7a5eae78c5ca08204f9ebdd73bd0b61f,2020-12-19T20:26:51Z
bbda4f12ee2501e3a67eafd8ee69c4cc,10,3040c8bd249196fcb00d1d41e1ccb937,2020-06-23T18:16:15Z
48abfdd98f8d8f80409f308184b3eae4,10,bc0ab73c9a554210015a5861d8ae3ff4,2020-06-08T02:50:11Z
d1103c8753b474a3d7ae02467584986b,10,865ccf6b6890c9280bc2dba8b8a04fe8,2020-06-03T13:57:27Z
1a2ed75de801e07449d2a8f501114419,10,d836d41b3f4bc07d356851e70f85462c,2020-06-03T13:57:27Z
bbcfa8c494b17f4ec90bdfca98d58578,10,b82c80eca1712cb41ce6fedea1f826f5,2020-06-03T13:57:27Z
12ca692ed4981ce1f738899815144454,10,5496a75b5112a5ab9e4cd7a6c3bd8381,2020-08-12T00:48:07Z
e67720f91752db14ab1b1f7a6efab7fa,10,bc599eef037565cc48cae9c3a53cb1af,2020-03-29T05:32:35Z
e9a92866d28f5b3476fea9890567bf04,10,312b3a86f0c1ab999225283a1e6341e8,2020-05-07T16:27:31Z
154c2b66a6beb0999faa1fcf182952b6,10,2104f9d84a35dab6d69a3215c64024c1,2021-06-01T23:03:23Z
8f48e4c72827b0c39dbac3d2018fab4e,10,aa0dc3ade3a1db1e0ebd9b75bcc2624d,2021-01-19T19:36:27Z
26183c1646a6a2a9c6ead9e7eddc7be7,10,6ac90b1246a958628f942c7f021bf01f,2021-03-12T18:53:47Z
828df7d34734f2885d76a6d266d30585,10,11ac93e313a4cbc89df9a3a28712e633,2020-06-08T06:58:39Z
b3eb01616a224fb106f4f421745c2ab1,10,57c932f50d89f9f60a36554a0b14179f,2020-12-30T19:35:31Z
358b7063b07e9aa4aff64a640cd47ba4,10,d99bf873d5202e3efb2e870e447a788e,2020-03-29T12:37:23Z
b0ea7ca0de4c162e30b888578e692a0a,10,45c31032c158cf1d51c9d6b4749eeb85,2021-03-08T17:52:11Z
5ee034f49f53cb76aca9f69ff0c188bc,10,86c9e15f7ed5a0550525d5744c7033e9,2020-06-25T21:49:15Z
fd7827bff0d056fdd32c1a77acd40735,10,a24b94ee4e016ba9278a97e5cfd7847c,2020-06-19T17:37:31Z
d0f07cdf7bce44250a385c657c31d132,10,5757dd4ba7f8462fca33a3508eaf642f,2020-06-19T17:37:31Z
5cc4e25d48e907797e9a9d1b42a8c832,10,d695b6695396324fea2ee8de84f043be,2020-06-19T17:37:31Z
c19421632b6e9209c047a87465f9664c,10,29404ffc10ad271e1c1932045a95e41b,2020-05-05T04:54:59Z
dd9b823a9554a5a0fa619a218a7419b4,10,08f03a18cb22c43b18d1dd01984ebde2,2020-10-26T19:19:15Z
956fa494b658898a991081c8f2619ef3,10,92df0a360c9aa7bdb99137c84bc5b5f7,2020-10-26T19:19:15Z
83abb948f5051dbb19b2c75b938533e8,10,12af9a1c6fc19d313710bb929b71b26d,2021-03-27T14:32:55Z
32e69e3ae8ea81767042a40cd6580772,10,4e1880f19e09db4b80d16b86c78a8bb1,2021-01-17T17:38:31Z
42788ba2c952a89067616298e6f712b8,10,9fd27543e2bea066928829d2bdfbe7d2,2021-06-25T14:40:59Z
59a5c06f2f7c2e8ea3d15e9de5512f70,10,c748f73c86b8bd622a6166fd39f05033,2020-07-20T08:20:47Z
1537cef074e08a2ed140f9867b16fde4,10,6f815bb6a552ad52307b5c3a420b8dca,2020-10-27T19:41:19Z
b02755e590ecba1658f33310abfe75a7,10,8d1acbad4bcf79d50d144ecbb7e02aa5,2020-10-27T19:41:19Z
02afe748bfc4dda1cf7199fafc1dabfc,10,9249ebda9172d372dfa80885d69f5a08,2020-10-27T19:41:19Z
816499d3bd32fa6e017904c42071f9be,10,8d6e3199deb2041be4b116851d275095,2020-08-13T17:17:27Z
ed5941b27d1ba14bfe41ee30c5455cb1,10,854b48bf9b4df4de56531f78730fde7e,2020-12-15T18:55:07Z
2ab352a6cd1316130db0971e4e1a0d13,10,6d4442fba1cb21c4e6060bcf03159e7e,2020-08-26T17:57:31Z
a384da80db7e37c20fcc0c8a2fed256e,10,43a6505edc398d332a40df110d6f6ab1,2020-07-08T14:56:11Z
eea9fef6317798427756e07477465e52,10,4f225b1f599ed8fb0ded4a9cf691aa38,2020-06-23T15:10:39Z
96319ffb2b0bbaa0a75331f68ac1f315,10,59ce20e066a010be16efeaf631815bf9,2020-06-23T15:10:39Z
b94ff64f82c87525cb438b2fc4495f57,10,547643ea0997344e7f0a31e9e5e8d8e1,2020-06-23T15:10:39Z
254fd0b26a2a277c825b174f82e65ff6,10,319f871c04c394a2bd091e21caf47c0f,2020-06-23T15:10:39Z
a04f6f4071f1d96fc542c3d4fbf505f8,10,4affd7db508d18716612e6342a04f6c7,2020-07-06T19:36:23Z
5e3b06d0cea21b2e005e716a8fb51393,10,20e794bbfc1a45660630882136a9955d,2021-06-24T19:29:59Z
4ee18019bbf4c0c257cfcac64110001f,10,1b0d2e5c948c8d3001c17d44c8a5e01c,2021-01-19T19:38:31Z
c222eb148c2f9fb3d03d2d630139cab0,10,4147efd5f88e395a409b23c9c0fe7d8c,2021-07-21T20:39:55Z
ee1c3378e134be6cb4a4dcbbf43664b6,10,cc579cdd0fe235df369f5cef92255462,2020-03-11T02:20:47Z
4f8b39d5d7f1d91ce9f0b4fa6b05356d,10,0158585e2ff2b4dbe121fdba8120e8c5,2020-03-11T02:20:47Z
18426f72ab15c966380c617f144ed47c,10,590933822893f83cb047827b732edfd8,2020-09-09T22:14:59Z
b86cc0a72acae26dcf4afd734c08b435,10,b68bd1a0de4ab31963871b0eaabc06ac,2021-01-12T19:30:15Z
3713f5dbecb772da721ffe8556e5070b,10,5637771491af1a9a049f3ec4687d9b49,2021-01-06T17:25:35Z
2ea179e4f5789854d33513d5e8f9754f,10,05837fed4530c2a6549b0240e1f7133f,2020-06-30T05:40:39Z
037d084333b25c917f0bb2ed5c128ab3,10,f917048306f439da22643ab0d26f1d52,2020-04-28T05:03:55Z
38f2770ba31db0308c0ecff1a3cbac99,10,c72c1f4243a9e5d6fe4f45c820f8c97d,2020-06-19T15:13:35Z
49fa4b00f96a78c5185a2482079c177a,10,ae7c4b6b9c2658582d7d4e1cc5c85b89,2021-03-08T17:50:31Z
399a7c532bdc8378a1442f31d3fa7882,10,be7720b20594eb47479b471af43f389c,2020-07-07T10:08:47Z
6b6c0e0b2a6efb85e782c9a8c1a6986a,10,9b5cebe368d02350fa571d5b779cb822,2020-07-07T10:08:47Z
fb8c4e731776adcf5d75dd5f1af9448b,10,254be3dfe8756aef31d7cb132ac5e45b,2020-07-27T10:34:23Z
53dad30f91d59e25168f5a09398b7db3,10,e2a423e318484a3313c89250b47fbbc6,2020-06-12T04:07:19Z
c837e385ddf009848705ad1530c8e865,10,040a28a3f800e373f52a132e6ee114f5,2020-12-10T22:25:31Z
de73610e413adef87ce4522e6bd42191,10,5fc62e018367d3521cda805969ae18cf,2020-12-10T22:25:31Z
65a04c935695d4e872bd31467bde4387,10,f458b9ae7ec060496e52806369e91678,2020-06-19T15:13:39Z
f42238d262b094f77360a10ea985c79a,10,12267dc60dbc5c0f484722b117195883,2020-06-19T15:13:39Z
f33f2423ddf0a387240bce95c4eb84c0,10,a7660bccf46efc999fa6886656565d89,2021-03-30T17:59:35Z
3f021ea05642ca31d7b7d4112d068794,10,9747bbb4dc721b193d0c5124367fb02a,2020-12-31T18:26:51Z
43968b1407a555b2d9ead06175cdee37,10,6b8327284d9cdb544a6e08849efa98b9,2020-12-10T22:25:35Z
3452530de4c959c877e70e14103216ce,10,7340cbe5503b9279b4dc3912f8d12e43,2021-01-15T00:09:39Z
8b7f14f1122c463a4d856b8c336a8e70,10,385e02018fb223385daf5cb7bf7d6381,2021-01-19T19:38:43Z
22fb860ea373b780fc081625a1def077,10,9b83ed82562ebb5514af2815ea535b97,2020-05-29T15:24:51Z
cfd81b0d04f2e4ecac5b17b4850cf872,10,88db9728a92a8466548f06244862b966,2020-05-29T15:24:51Z
2268120304168722f95a5c6bde42d355,10,f827b645c41d319f92b58fcf13495619,2020-05-29T15:24:51Z
df23ed0e84a3b90f88c4f46ed534f8fa,10,ebaf30816e69cfb2810fe37facda44b2,2020-05-29T15:24:51Z
68507655480d7a5a469ea229b78f79de,10,2be8ab24a1ffe133c6bfb29675e1d6ba,2020-06-30T05:21:51Z
37c3454167175d29aebf382c30652dc9,10,d2e62c63a85fc5372be4cf1d210ba468,2020-12-16T19:11:43Z
9741313bb41104084af7101c6cce55cb,10,0d78bfee90251ca64550416a5ae14ca4,2020-03-25T15:42:39Z
47d5648e6417f0f0afa899f5b0d49e67,10,ba4bba6bdd1ed6baaa8590077c02e071,2021-02-23T00:17:59Z
111cab8ff61e405b51ad6480d29851e6,10,293de851362a31834800421696a7a2bf,2021-02-23T00:17:59Z
ad21df5042daa7f9ec2a596f4c6c9d80,10,b19403f56ff83b25141918340b60ae0e,2021-02-23T00:17:59Z
4d1246a4afdecc75945ca7e757e67d4a,10,b1d0ed33ecb43ed0fd11eb2ee40920d0,2021-03-26T17:11:19Z
59bf9e4bc87c8634e51b4fba09b26ff7,10,efdf23063684653c242af93a2d89e451,2020-06-30T17:50:55Z
5f3fd47aa4ab1ddc09ec46f520621a55,10,7cc527f2f72057ddba54033d7a63b3cf,2021-04-20T19:11:59Z
0bfbbe64d1fa24299ff656e336c7331e,10,efe556a976cb01d073c7af98b1094e8e,2021-04-20T19:11:59Z
a913fd3a2f62f63e4cc61981170d6900,10,ebab82ef58924ca64247e79ced87880b,2021-04-20T19:11:59Z
0711026ad72383165284a9d9a1602f1e,10,dc945d515ce00359a8c36bc1f60a14df,2020-04-05T11:09:23Z
a358f307e94487b320575a32d5b19c24,10,7e8cc5065e040b82477d5161674f4acf,2020-12-31T18:32:39Z
ce26c4f83db4c697da0138d53e0037d9,10,ba70273cc5265322f377123cb5306506,2020-12-31T18:32:39Z
07865a4c207043ac672ec3179fb951e7,10,cdc9826edaacd90291feb5de48c003ce,2020-06-30T14:47:03Z
dca70e819f93c857afa8507971c6b0b9,10,afff0182a29c357c1fb1992db2386c94,2020-06-30T14:47:03Z
ee12590f287f218617366daf519d154c,10,cad5cc804f4f4164eaa41215204a99ef,2021-03-24T16:44:23Z
7d96e51a73d83d851343eb3fe5590659,10,4c2bcfc7ac0b5df490dddea13d7949fb,2021-03-23T17:49:35Z
3a765370f3c99a286a87743c84ccdddd,10,a1257481d87e671e4682deca0052db43,2020-08-31T22:17:55Z
2ba0b689a63c3d6e1c7ea63fc47dc100,10,a0d813813cd3cd9701f46d4a72575745,2020-07-21T06:28:35Z
f3043d12d01fa32ef53141c12dfa440a,10,02f9fb9524cf1c5739a70f7f16bee97e,2020-06-09T05:06:35Z
15123d0c707f2c5e6c2c0e496001a276,10,87974530c6e0202bc482ef8eed6022e8,2020-06-09T05:06:35Z
1f89608df2413b3847e8976f334d6ef5,10,6f67a06d9b4307900663336b5dadb4a2,2021-05-27T19:19:55Z
93f5fd84b6013a7d682bc1b6e17512d8,10,64a5111ecb020a71011053e7e419301d,2020-07-16T12:36:15Z
fea3b1afb429f53b3c573a9293ecf28f,10,6401f0dc44c955a2d5b1caccf5d72849,2020-07-26T04:59:43Z
e7b7c9a531aee9bca850e54953bd6345,10,4fec343a6f76cb491b762bd5b9d7c0e7,2020-06-08T06:26:59Z
1c0c344ee1d0414264539fb0076272d3,10,abbb64a3a2e39558c85ca0d0ac37f081,2020-06-09T03:54:35Z
286e06242a94fb67a627dc83fd02eac2,10,7350a5a3a254acbc2e66ee235f3974b2,2020-10-09T21:06:39Z
7913955a26cbf218cdbe36a73bb434bd,10,5bbae50327396a2ef36afdc460bbfd62,2020-10-12T20:55:03Z
aa1e696c463bc6a0105c827733c1dbc1,10,64a9c4d2792a33280eb0e773eccee117,2021-04-22T18:59:23Z
3a9df4f6840b847e890f451a05abe854,10,563427e1342f72204c858abf1f9bd0b6,2020-06-05T17:06:19Z
d529c315eb596acfab7c6bd7f0cf4bfe,10,03eef50240ae2fc505bddeaa2c42b80b,2021-05-18T16:50:55Z
f89021f41fdd053720531281ee4d4ca0,10,2d113c556a55b74c3d3dc6e7ed0d7f4b,2020-10-13T18:26:27Z
7e6dcbdbaf866fa2cc0bbc039cc05929,10,475f9afade8be7140a6fd78e3c17dd1f,2020-06-30T17:45:27Z
f046a84619f50219a897c20ddb283076,10,d8101e14cb005a90dd9e95b116d27ddc,2020-08-06T20:55:19Z
ca96eced8c11f6526b2ea7efa8911bef,10,fbf31a9937fd7baf01145c347a4475df,2020-05-13T16:01:11Z
f4382837a180137e2be044dac06b0477,10,4bf99782b7955ae19cea889726c9bca7,2020-07-20T07:20:39Z
672f4578e01e1a973ba5832f42b43f44,10,494329d7a86ddbb2ccc28f00d4e8bde2,2020-07-20T07:20:39Z
98662c94ac335b4ff638776a6e247784,10,7072b5f390a7f2713517f1d794f365b0,2021-03-12T18:54:31Z
488f934376899683ac26bf0c38d608ba,10,4b7699ca7f270210c011f1e57bb005e6,2020-05-13T16:01:15Z
8bd00ed9b92041fdbe4516dc3d34c4dd,10,6a473058c8d903784cc321a202d2bc23,2020-10-10T04:58:59Z
f8919a835f9720edccbb661ab8467184,10,2d4ee2226c1976e53bdd774ea947fa4f,2021-02-10T20:39:19Z
11f8c13381d57d9a460a820bf537cbc3,10,1686fe1054ca57415dad477cec7ef55e,2020-07-03T08:56:19Z
83bd29b1d9b85f720af453a4fd3ab191,10,355312e7bd62db2fb38ab0802f8d23b1,2021-07-13T19:37:59Z
d3b11ab7bcf5936c86a25dda7ef0116e,10,2235a00d5e6822b7595b263363ff52dd,2020-07-13T06:51:39Z
1e16890e557cc3fad4665b5f2f4dbb63,10,a8712384129bdaaf5cffce07eb6b7e22,2020-07-17T19:51:59Z
377b1e6cfdd3a2780cff36c23fa7730c,10,0bbec8e33ee959ad349030bb62c1e322,2021-06-09T20:19:15Z
9e925586e3e31524040255caf6e3403b,10,f2cffcbf751af6d2b5806878075fb512,2020-08-30T17:21:15Z
013541bb4761f4825be7b12631905f87,10,ca5e04029b895876324c242550c4c182,2020-06-30T16:14:39Z
e0d0c6b8718516478f281f49901ef936,10,9852852f89e5482d94ad21a0546476f2,2020-06-30T16:14:39Z
71bf6c41ac0c30ef11c63ef69b631255,10,88c01f24a3726fe80952e7bbff4baaab,2020-07-14T17:05:27Z
50ce10d4e2b0f5d88b2a4d98eb11a188,10,cc64a96105cbdd2e55bc94cd44632e0b,2021-03-22T16:40:35Z
87760d0e6e555644c6f19206b6571f85,10,e47cdc68392208dfd6781a334693d536,2020-07-13T06:51:47Z
55277a2059acd6aaefc78d75706780f8,10,603fc30f5cf58a4edc3403665be47fd0,2020-06-28T10:48:07Z
7452e65557a106e79b1706d736378c84,10,467b7a3bcbdcacc902263b5f2fbdce7c,2020-06-28T10:48:07Z
dff442a8d063cb9989b5e7cbfe0f0c4d,10,d70ca0259aabd7ae113fe41546cf4874,2020-06-28T10:48:07Z
7c14f097af5aaebd66ec9da19f552602,10,36a66a2775e10cc80698850e7141e081,2020-07-13T11:57:07Z
99a480f09d94b8c523cb690880770354,10,f2482da50ea6f6b3d82c8c479e3de2f7,2020-09-04T18:31:47Z
c11826f0ab99ab0ef7165dc72b914ce0,10,9980d82c9b954a7bf7eb7dea262d6f46,2020-06-08T05:30:31Z
ff14df4e499e2cd92a4971e80f24bcad,10,f517dbf8f2ae9ed595fb10f0a7481cef,2020-12-21T21:06:23Z
15ef0a4330df7c73b8bb0ca30c050bf6,10,6765adf5a8660f695db60253b0afefdb,2021-01-05T15:12:31Z
e867080fe1ec40db4e493a79f25b560c,10,aa54a9640c2011fe601eac76b49aa8d5,2020-06-30T18:04:51Z
dbad2832bda831965985ba55bef2ede6,10,59a7e5856ce53de62af878664d625dd3,2021-05-18T16:51:23Z
692ca3f82ef09e0bb4c9d42d1c692675,10,2077a332184d3df28eb9b64b6538ab3a,2020-08-17T01:08:27Z
57ab76dbc71938093eb9202fb3910632,10,66e72795551df5510392dd93086ce9d4,2020-09-15T22:07:51Z
31a8f4d927e50f6c1f979a4fb2dc02a1,10,9d7e649c2a29aae62aa43cb90d74c360,2020-06-09T04:29:15Z
4fdbd11feb3f3ee118e49a07b623ecaa,10,7f970fb4bd22bfae8f0f4a864e4d22b9,2020-06-09T07:54:03Z
18bba6a0b07d6ca2c103315a44cd363a,10,bff8a18b36ae522c21ac9d09ee030cf5,2020-06-28T23:55:15Z
fc8d7bdcd9a4e9e8b6de870e76cb4de3,10,9d5c9cb2cd4bf329bf4db1ea9dfaf7be,2020-07-01T04:53:27Z
31f75feb1263d632c7845abf4ac1eafb,11,ebca9b395feb7f2bb8d3a5d009a32e70,2020-07-16T03:09:24Z
ae15d77901f390ad2faf61756daf20f3,11,6c778e77a565fb4f4fbf4b886a4b46cd,2021-03-10T04:53:56Z
2234804ed33147aaef38f22bd2235a0e,11,1b79766df4820964070ddb70fd4b8917,2020-05-20T18:52:36Z
a3ab29d11886c42d6554185cb8796e31,11,1b79766df4820964070ddb70fd4b8917,2020-05-20T18:52:36Z
b791d66f9e15a8459db9b0d1ecdf109e,11,1b79766df4820964070ddb70fd4b8917,2020-05-20T18:52:36Z
f06a6e10589b03d840b3db917b1fdbc9,11,1b79766df4820964070ddb70fd4b8917,2020-05-20T18:52:36Z
f02ff52778310f9bb4e5722d36307e5f,11,20998a0946ccfee3b4983a85efb967ab,2020-07-03T08:12:36Z
65e12afd8575efde29b1037a2a284814,11,fb2e0602cbc8d6c700a0d1a8aeffee6b,2021-02-04T20:43:32Z
8f663bdbdaad757ba3785f91d3220d5a,11,ee93a73c9db9a4867971699b90fa0d2d,2021-02-02T19:25:20Z
dd81675e61a52c417ac617e947b35b30,11,854b48bf9b4df4de56531f78730fde7e,2020-12-15T21:52:04Z
67aeb5753b54d2ef7cc1b5484e5a410b,11,854b48bf9b4df4de56531f78730fde7e,2020-12-15T21:52:04Z
fc89ed25a169f5e2ce04e71b0e43dd1a,11,854b48bf9b4df4de56531f78730fde7e,2020-12-15T21:52:04Z
98c11630c4f946fde5b31834f88b3d98,11,732d2927f4745af8222086ae77f0fc31,2020-10-17T10:18:16Z
2084dbdedecb9acc3b9997a1ae3cf1b1,11,732d2927f4745af8222086ae77f0fc31,2020-10-17T10:18:16Z
8965ff414ff7d4553d877e98095ddaf1,11,732d2927f4745af8222086ae77f0fc31,2020-10-17T10:18:16Z
3e5bafb9f3f2bb6c7fb2921e9fae28c8,11,854baf9d7a726b41cec4ec34857658e7,2021-03-23T20:51:52Z
0303dc0b9034be8c94c08747abd25065,11,91396aece5b740a59f77f175b1b93f82,2020-07-28T18:09:16Z
90b94d404b58c893563cf9a52355ac74,11,91396aece5b740a59f77f175b1b93f82,2020-07-28T18:09:16Z
5527ae207eabec813467f77a4bc5a7e7,11,be8cbc9d22ed849285fec667e0a9c9d9,2021-03-12T21:56:36Z
3fbe9ec25c0d4c03897932d434fe467c,11,682ff612660a6abb3add8e00db6404bf,2020-05-20T18:52:40Z
d58712790b583d348fdb78fe58b70949,11,682ff612660a6abb3add8e00db6404bf,2020-05-20T18:52:40Z
a6b335b529c720039793e2825e92f7e9,11,682ff612660a6abb3add8e00db6404bf,2020-05-20T18:52:40Z
1d35a63a0ae2559d8e58604d5733cbfb,11,a7469bb5099e20b6d31ec8d59a2e5cd5,2021-03-31T00:07:56Z
57d8f724923cc1607d482d7bdacb20d1,11,a7469bb5099e20b6d31ec8d59a2e5cd5,2021-03-31T00:07:56Z
f0c0cc7b8674266ea9e72d8bc8c021c8,11,d6f480f55083c6dcb8c754f067885c8a,2020-03-05T02:29:28Z
00ae72dea8deaf08002c2d739b843883,11,d6f480f55083c6dcb8c754f067885c8a,2020-03-05T02:29:28Z
6acb7eae60777a1de03a89778128ca56,11,e3c17410447184398cfaae90b7192bac,2021-04-16T20:51:56Z
9e4e9bd39acc9c14f1d3225ff7323c6d,11,f552ec18f9b6cf8b5b52bf88d33f65a5,2021-04-16T20:51:56Z
d6e8a5305660acc972f57cbcf5b4fb63,11,f552ec18f9b6cf8b5b52bf88d33f65a5,2021-04-16T20:51:56Z
5e289117dedae7091856af0228e5665a,11,e3c17410447184398cfaae90b7192bac,2021-04-16T20:51:56Z
e841faa3683116c85a138ecc63702262,11,e3c17410447184398cfaae90b7192bac,2021-04-16T20:51:56Z
422a77ddfea309eb133a050f3efe2e4a,11,f552ec18f9b6cf8b5b52bf88d33f65a5,2021-04-16T20:51:56Z
74ac1d4fe637838d97ac1426a17091b1,11,551b0f435267279689b8951fc2f4b0ca,2020-06-12T15:30:32Z
b101426843af196f508a470f2115a5bd,11,96eb385c08fd6949e9f1110a7675d0de,2020-06-12T15:30:32Z
8250c91efbabdcecc29ddbd2c861ac08,11,4b98584434495a15508c65df72c4615d,2020-06-12T15:30:32Z
3b7db6033f564438a477cfa3edce3ba1,11,96eb385c08fd6949e9f1110a7675d0de,2020-06-12T15:30:32Z
b0c9446e6d5d214376e7dad82831c70d,11,3f39a02e78931a55de624be2ecdeea7f,2020-06-12T15:30:32Z
3b3327678984b8384de29ed1ffe02fb6,11,b033ebf18610d339c9bf80ae5bd2ed97,2020-06-12T15:30:32Z
4c4c2287e6861fbd0b4be0078d3f3a59,11,b033ebf18610d339c9bf80ae5bd2ed97,2020-06-12T15:30:32Z
5cf441649ef0e37952d47bae797eb53e,11,551b0f435267279689b8951fc2f4b0ca,2020-06-12T15:30:32Z
c0f10a6071cad3bc81a5a28c3d88beac,11,cfe8e44abb85c5433098000667ffd87b,2020-06-12T15:30:32Z
dc297085c48f6aebd0abcbc0e7809bc2,11,4b98584434495a15508c65df72c4615d,2020-06-12T15:30:32Z
83dc283e12745d32ce2d1cabb0fbb403,11,b033ebf18610d339c9bf80ae5bd2ed97,2020-06-12T15:30:32Z
3aaac865aa9105d08dbf406db36461cc,11,3f39a02e78931a55de624be2ecdeea7f,2020-06-12T15:30:32Z
dfc2262ef6802baf4d38b1550edb3509,11,b033ebf18610d339c9bf80ae5bd2ed97,2020-06-12T15:30:32Z
0b1f169044acd60602abe4924e083cc6,11,4b98584434495a15508c65df72c4615d,2020-06-12T15:30:32Z
b096cfe470bf63a3087ec195696597de,11,551b0f435267279689b8951fc2f4b0ca,2020-06-12T15:30:32Z
2f0511c75177233dfb7d65a5c4c10562,11,3f39a02e78931a55de624be2ecdeea7f,2020-06-12T15:30:32Z
48e1937090fc986d9f4232ba823b61c9,11,cfe8e44abb85c5433098000667ffd87b,2020-06-12T15:30:32Z
429214dbcd9f7fd1c05ed224b392c532,11,b033ebf18610d339c9bf80ae5bd2ed97,2020-06-12T15:30:32Z
7fad8450ebae3753c5a4c5f11f3138f9,11,b033ebf18610d339c9bf80ae5bd2ed97,2020-06-12T15:30:32Z
d549ac93558afd93c9548b5d8920608f,11,0c698e04b5ca08c6b234a9b9c5d4b7df,2020-06-12T15:30:32Z
2c2aeb13164ca84af2ac1e7cf325cba7,11,0c698e04b5ca08c6b234a9b9c5d4b7df,2020-06-12T15:30:32Z
5b4dd1f1570e044c6576912cf78cb406,11,551b0f435267279689b8951fc2f4b0ca,2020-06-12T15:30:32Z
8e525712ba99a3ddd5eb7b3a6e676c91,11,96eb385c08fd6949e9f1110a7675d0de,2020-06-12T15:30:32Z
76a98d094354a7915e44b588ceefa164,11,551b0f435267279689b8951fc2f4b0ca,2020-06-12T15:30:32Z
aa3ccc4629e86450d71c83e1fe9bf8f7,11,cfe8e44abb85c5433098000667ffd87b,2020-06-12T15:30:32Z
651fa97960b147f164f1382af9dbb721,11,0c698e04b5ca08c6b234a9b9c5d4b7df,2020-06-12T15:30:32Z
e31499ce5d3a95ff8bdbae2244cdfd1c,11,fd92effd1645d80032a6c31173379276,2021-06-25T20:49:36Z
3e69405d1a7ceb6e2d4e99f4fadbc123,11,fd92effd1645d80032a6c31173379276,2021-06-25T20:49:36Z
c745f775c92dc4accccb605ca8a48a8f,11,dda0b420e9afabe98da6b73fb6bf3a69,2021-03-20T09:16:16Z
89f1152b5abe70d0812457fa93f383a6,11,dda0b420e9afabe98da6b73fb6bf3a69,2021-03-20T09:16:16Z
bfc4f0a8f0928e29073d4d24ea2a5cda,11,dda0b420e9afabe98da6b73fb6bf3a69,2021-03-20T09:16:16Z
c9eba8a81bb8c545e309ee182a1706ce,11,dda0b420e9afabe98da6b73fb6bf3a69,2021-03-20T09:16:16Z
29f7e9895a75975c84543eea6d86053a,11,08c9790aea6bb0872c4221795f9e3c17,2020-11-11T02:48:16Z
5e2b8264bdd2fc66392f95571f221a64,11,fb3ae5411ab3b3401c07276af8f96c3a,2020-09-15T09:48:04Z
31ebcf38836b0b08b94e961c098bad9d,11,c59bb9b274186db3cff119fb1140fde4,2021-02-03T06:42:28Z
3c38d4fa53448a7a1d325f8c528037f2,11,36881003ba9aa85d9b5df958538c0846,2021-02-03T06:42:28Z
24195e12819e79d1803cdccb3c96a6d2,11,c8c71385865f15a142d67b94691855d2,2021-05-06T22:33:28Z
6a782c0853aa9874d11dcfc57e74a076,11,761eb6fded122cecdad83a0df0d4c56e,2021-02-05T23:41:16Z
e022751bfbcf4470e7be1ed626c62f18,11,10cfc4aed122a3bf23343e639b22dea1,2020-03-26T12:10:04Z
bc4ef4d2f83e29b2978161752f61cfb3,11,10cfc4aed122a3bf23343e639b22dea1,2020-03-26T12:10:04Z
3e98d0f5b7c456398a422cc3768add9e,11,10cfc4aed122a3bf23343e639b22dea1,2020-03-26T12:10:04Z
b392e55764fa8e420bbcdcca0aaa99e7,11,9b8797aa71a0e75d90370adaf20a09c1,2020-06-05T20:04:52Z
aab0f82dcdf1830ce45f74377627ce30,11,9b8797aa71a0e75d90370adaf20a09c1,2020-06-05T20:04:52Z
ad46e3317b50a2eb20b712240d4b8f04,11,9b8797aa71a0e75d90370adaf20a09c1,2020-06-05T20:04:52Z
a091f8f83bbc7a40c6e0eb5fa61d7a36,11,9b8797aa71a0e75d90370adaf20a09c1,2020-06-05T20:04:52Z
7ca695952fc2ff921c1d9a812ae79d2f,11,9b8797aa71a0e75d90370adaf20a09c1,2020-06-05T20:04:52Z
18b06917d09ee4f38aeabe570b7de01f,11,95cf988d046c32123be2135277f36a2d,2020-10-04T06:19:16Z
f060390b26d3a6bad4ad63cd112cda4b,11,2be8ab24a1ffe133c6bfb29675e1d6ba,2020-06-30T08:22:32Z
2829765363dad6ee23b6525fc5ec3075,11,4f769ef75e11a1accdf4ebf005c44735,2021-03-09T22:31:08Z
0ded53af694d1289f5db89c314f542c4,11,45c31032c158cf1d51c9d6b4749eeb85,2021-03-08T20:53:16Z
0b308ddeb264aaa900d129cd7574187f,11,6954ac9ec73c9b221902565d30ac654f,2020-09-10T01:21:36Z
b83904d3c1e166d8b4c596e98bff8957,11,6954ac9ec73c9b221902565d30ac654f,2020-09-10T01:21:36Z
e8f94a30845e85567dfb904a7f5a1017,11,6954ac9ec73c9b221902565d30ac654f,2020-09-10T01:21:36Z
722c7d0a9bd9c4443b8c9bf1136a96b1,11,6954ac9ec73c9b221902565d30ac654f,2020-09-10T01:21:36Z
10a7ec92a9810afdfca5a22b32bccf45,11,fe12a519b2899866b8e3fd21913dd93b,2020-04-08T07:39:12Z
60fc0465d68a2012c6a2cc9b9d6ceb3d,11,fe12a519b2899866b8e3fd21913dd93b,2020-04-08T07:39:12Z
7a3d67ab59dcf7ca5805cfaa585d9cde,11,4e1880f19e09db4b80d16b86c78a8bb1,2021-01-17T20:39:32Z
dc11c1967afa54fd6bf34cc03213f02d,11,9fd27543e2bea066928829d2bdfbe7d2,2021-06-25T17:42:00Z
1e04705afb492b5775800f47bafcd273,11,9fd27543e2bea066928829d2bdfbe7d2,2021-06-25T17:42:00Z
6cbe0a6d994cf3de2136020d0c684de8,11,9fd27543e2bea066928829d2bdfbe7d2,2021-06-25T17:42:00Z
57890a3d29941fd8dceec6cc677a3556,11,9fd27543e2bea066928829d2bdfbe7d2,2021-06-25T17:42:00Z
eb9a151957987e48764e2176c6d7f6b5,11,c61e5b0aaca9e23f28061a918ecfdc2a,2020-10-15T20:34:20Z
4e36b0b95ecc24932abc2b85cc580dab,11,c61e5b0aaca9e23f28061a918ecfdc2a,2020-10-15T20:34:20Z
34845d5074b1ec2385ee51552f6d2ea2,11,d84d8d2128109f6239c051f23955b5d1,2020-09-12T04:48:48Z
3b4e1397bf54e9a67a92adc1b0543d17,11,d84d8d2128109f6239c051f23955b5d1,2020-09-12T04:48:48Z
24da1de6cc40c4d9d1f8ea5a901a1151,11,d84d8d2128109f6239c051f23955b5d1,2020-09-12T04:48:48Z