status_message_id,name
100,Draft
9,Packed
101,Created
1,Created
23,Shipped
99,Archived
8,Verified
160,Cancelled
103,Cancelled
102,Cancelled
15,Delivered
182,Exception
173,Exception
180,Exception
181,Exception
16,Exception
130,Incomplete
30,Incomplete
179,Liquidated
105,Label Ready
161,Uncancelled
193,Order Packed
104,Label Pending
121,Label Rejected
122,Label Rejected
120,Label Rejected
177,To be returned
178,To be returned
32,To be returned
5,Assigned Pickup
162,Discarded Draft
31,Lost by Courier
194,Order Collected
108,Pickup Complete
106,Label Downloaded
13,Out for Delivery
107,Pickup Scheduled
141,Drop-off Complete
140,To be Dropped Off
6,Picked Up at Seller
195,Backorder (No Stock)
109,Cancelled (No Stock)
2,Cancelled by Company
3,Cancelled by Easyship
153,Pickup Request Failed
152,Pickup Request Failed
197,Cancellation Requested
110,Handed Over to Courier
12,In Transit to Customer
10,Pending Tracking Event
11,Tracking Info Received
14,Failed Delivery Attempt
4,Awaiting Pickup at Seller
17,No Recent Tracking Updates
142,Dispatched from Sorting Hub
192,Order Received by Warehouse
196,Awaiting Dispatch by Warehouse
7,Received at Fulfillment Center
18,Shipped (No Tracking Provided)
20,Arrived at Consolidation Center
190,Awaiting Confirmation by Warehouse
191,Awaiting Confirmation by Warehouse
22,Delivery Expected (End of Updates)
19,In Transit to Consolidation Center
175,Processing at Consolidation Center
171,Processing at Consolidation Center
174,Processing at Consolidation Center
172,Processing at Consolidation Center
21,Processing at Consolidation Center
170,Processing at Consolidation Center
176,Processing at Consolidation Center
143,Received at Local Fulfilment Center
151,Awaiting Pickup Confirmation by Courier
150,Awaiting Pickup Confirmation by Courier